event_id	event_timestamp_utc	minute_utc	context_scope	context_position	context_rank	tick_timestamp_utc	bid	ask	provider_sequence	accepted	rejection_reason	exact_duplicate	exact_duplicate_removal_changed_minute
bls:us_employment_situation:20220902T1230Z	2022-09-02T12:30:00Z	2022-09-02T15:59:00Z	MINUTE	FIRST	1	2022-09-02T15:59:00.113Z	1.0029700000	1.0030300000	55768	true		false	false
bls:us_employment_situation:20220902T1230Z	2022-09-02T12:30:00Z	2022-09-02T15:59:00Z	MINUTE	FIRST	2	2022-09-02T15:59:01.427Z	1.0029800000	1.0030100000	55769	true		false	false
bls:us_employment_situation:20220902T1230Z	2022-09-02T12:30:00Z	2022-09-02T15:59:00Z	MINUTE	FIRST	3	2022-09-02T15:59:02.566Z	1.0029700000	1.0030300000	55770	true		false	false
bls:us_employment_situation:20220902T1230Z	2022-09-02T12:30:00Z	2022-09-02T15:59:00Z	MINUTE	FIRST	4	2022-09-02T15:59:02.934Z	1.0029700000	1.0030200000	55771	true		false	false
bls:us_employment_situation:20220902T1230Z	2022-09-02T12:30:00Z	2022-09-02T15:59:00Z	MINUTE	FIRST	5	2022-09-02T15:59:03.036Z	1.0029600000	1.0030200000	55772	true		false	false
bls:us_employment_situation:20220902T1230Z	2022-09-02T12:30:00Z	2022-09-02T15:59:00Z	MINUTE	LAST	1	2022-09-02T15:59:31.128Z	1.0030000000	1.0030300000	55816	true		false	false
bls:us_employment_situation:20220902T1230Z	2022-09-02T12:30:00Z	2022-09-02T15:59:00Z	MINUTE	LAST	2	2022-09-02T15:59:31.973Z	1.0030000000	1.0030400000	55817	true		false	false
bls:us_employment_situation:20220902T1230Z	2022-09-02T12:30:00Z	2022-09-02T15:59:00Z	MINUTE	LAST	3	2022-09-02T15:59:32.146Z	1.0030000000	1.0030300000	55818	true		false	false
bls:us_employment_situation:20220902T1230Z	2022-09-02T12:30:00Z	2022-09-02T15:59:00Z	MINUTE	LAST	4	2022-09-02T15:59:33.055Z	1.0030000000	1.0030400000	55819	true		false	false
bls:us_employment_situation:20220902T1230Z	2022-09-02T12:30:00Z	2022-09-02T15:59:00Z	MINUTE	LAST	5	2022-09-02T15:59:34.347Z	1.0030000000	1.0030300000	55820	true		false	false
bls:us_cpi_release:20230913T1230Z	2023-09-13T12:30:00Z	2023-09-13T14:56:00Z	MINUTE	FIRST	1	2023-09-13T14:56:01.046Z	1.0736700000	1.0736900000	35246	true		false	false
bls:us_cpi_release:20230913T1230Z	2023-09-13T12:30:00Z	2023-09-13T14:56:00Z	MINUTE	FIRST	2	2023-09-13T14:56:01.285Z	1.0736600000	1.0736900000	35247	true		false	false
bls:us_cpi_release:20230913T1230Z	2023-09-13T12:30:00Z	2023-09-13T14:56:00Z	MINUTE	FIRST	3	2023-09-13T14:56:01.535Z	1.0736700000	1.0736900000	35248	true		false	false
bls:us_cpi_release:20230913T1230Z	2023-09-13T12:30:00Z	2023-09-13T14:56:00Z	MINUTE	FIRST	4	2023-09-13T14:56:01.667Z	1.0736600000	1.0736900000	35249	true		false	false
bls:us_cpi_release:20230913T1230Z	2023-09-13T12:30:00Z	2023-09-13T14:56:00Z	MINUTE	FIRST	5	2023-09-13T14:56:02.005Z	1.0736700000	1.0736900000	35250	true		false	false
bls:us_cpi_release:20230913T1230Z	2023-09-13T12:30:00Z	2023-09-13T14:56:00Z	MINUTE	LAST	1	2023-09-13T14:56:37.365Z	1.0736400000	1.0736500000	35304	true		false	false
bls:us_cpi_release:20230913T1230Z	2023-09-13T12:30:00Z	2023-09-13T14:56:00Z	MINUTE	LAST	2	2023-09-13T14:56:38.035Z	1.0736300000	1.0736500000	35305	true		false	false
bls:us_cpi_release:20230913T1230Z	2023-09-13T12:30:00Z	2023-09-13T14:56:00Z	MINUTE	LAST	3	2023-09-13T14:56:38.394Z	1.0736100000	1.0736400000	35306	true		false	false
bls:us_cpi_release:20230913T1230Z	2023-09-13T12:30:00Z	2023-09-13T14:56:00Z	MINUTE	LAST	4	2023-09-13T14:56:40.911Z	1.0736100000	1.0736500000	35307	true		false	false
bls:us_cpi_release:20230913T1230Z	2023-09-13T12:30:00Z	2023-09-13T14:56:00Z	MINUTE	LAST	5	2023-09-13T14:56:42.045Z	1.0736200000	1.0736500000	35308	true		false	false
bls:us_cpi_release:20230913T1230Z	2023-09-13T12:30:00Z	2023-09-13T14:57:00Z	ADJACENT_PREVIOUS	LAST	1	2023-09-13T14:56:37.365Z	1.0736400000	1.0736500000	35304	true		false	false
bls:us_cpi_release:20230913T1230Z	2023-09-13T12:30:00Z	2023-09-13T14:57:00Z	ADJACENT_PREVIOUS	LAST	2	2023-09-13T14:56:38.035Z	1.0736300000	1.0736500000	35305	true		false	false
bls:us_cpi_release:20230913T1230Z	2023-09-13T12:30:00Z	2023-09-13T14:57:00Z	ADJACENT_PREVIOUS	LAST	3	2023-09-13T14:56:38.394Z	1.0736100000	1.0736400000	35306	true		false	false
bls:us_cpi_release:20230913T1230Z	2023-09-13T12:30:00Z	2023-09-13T14:57:00Z	ADJACENT_PREVIOUS	LAST	4	2023-09-13T14:56:40.911Z	1.0736100000	1.0736500000	35307	true		false	false
bls:us_cpi_release:20230913T1230Z	2023-09-13T12:30:00Z	2023-09-13T14:57:00Z	ADJACENT_PREVIOUS	LAST	5	2023-09-13T14:56:42.045Z	1.0736200000	1.0736500000	35308	true		false	false
bls:us_cpi_release:20230913T1230Z	2023-09-13T12:30:00Z	2023-09-13T14:59:00Z	ADJACENT_NEXT	FIRST	1	2023-09-13T15:00:00.161Z	1.0738100000	1.0738200000	35309	true		false	false
bls:us_cpi_release:20230913T1230Z	2023-09-13T12:30:00Z	2023-09-13T14:59:00Z	ADJACENT_NEXT	FIRST	2	2023-09-13T15:00:00.214Z	1.0738100000	1.0738300000	35310	true		false	false
bls:us_cpi_release:20230913T1230Z	2023-09-13T12:30:00Z	2023-09-13T14:59:00Z	ADJACENT_NEXT	FIRST	3	2023-09-13T15:00:00.329Z	1.0738200000	1.0738400000	35311	true		false	false
bls:us_cpi_release:20230913T1230Z	2023-09-13T12:30:00Z	2023-09-13T14:59:00Z	ADJACENT_NEXT	FIRST	4	2023-09-13T15:00:00.585Z	1.0738200000	1.0738500000	35312	true		false	false
bls:us_cpi_release:20230913T1230Z	2023-09-13T12:30:00Z	2023-09-13T14:59:00Z	ADJACENT_NEXT	FIRST	5	2023-09-13T15:00:01.655Z	1.0738400000	1.0738500000	35313	true		false	false
bls:us_employment_situation:20250404T1230Z	2025-04-04T12:30:00Z	2025-04-04T15:57:00Z	MINUTE	FIRST	1	2025-04-04T15:57:00.154Z	1.1009300000	1.1010100000	81857	true		false	false
bls:us_employment_situation:20250404T1230Z	2025-04-04T12:30:00Z	2025-04-04T15:57:00Z	MINUTE	FIRST	2	2025-04-04T15:57:00.359Z	1.1009100000	1.1009900000	81858	true		false	false
bls:us_employment_situation:20250404T1230Z	2025-04-04T12:30:00Z	2025-04-04T15:57:00Z	MINUTE	FIRST	3	2025-04-04T15:57:00.462Z	1.1009200000	1.1009700000	81859	true		false	false
bls:us_employment_situation:20250404T1230Z	2025-04-04T12:30:00Z	2025-04-04T15:57:00Z	MINUTE	FIRST	4	2025-04-04T15:57:01.640Z	1.1009000000	1.1009600000	81860	true		false	false
bls:us_employment_situation:20250404T1230Z	2025-04-04T12:30:00Z	2025-04-04T15:57:00Z	MINUTE	FIRST	5	2025-04-04T15:57:01.744Z	1.1009000000	1.1009800000	81861	true		false	false
bls:us_employment_situation:20250404T1230Z	2025-04-04T12:30:00Z	2025-04-04T15:57:00Z	MINUTE	LAST	1	2025-04-04T15:57:41.556Z	1.1008000000	1.1008500000	82054	true		false	false
bls:us_employment_situation:20250404T1230Z	2025-04-04T12:30:00Z	2025-04-04T15:57:00Z	MINUTE	LAST	2	2025-04-04T15:57:41.814Z	1.1008200000	1.1008800000	82055	true		false	false
bls:us_employment_situation:20250404T1230Z	2025-04-04T12:30:00Z	2025-04-04T15:57:00Z	MINUTE	LAST	3	2025-04-04T15:57:41.917Z	1.1008300000	1.1008900000	82056	true		false	false
bls:us_employment_situation:20250404T1230Z	2025-04-04T12:30:00Z	2025-04-04T15:57:00Z	MINUTE	LAST	4	2025-04-04T15:57:42.378Z	1.1008400000	1.1008600000	82057	true		false	false
bls:us_employment_situation:20250404T1230Z	2025-04-04T12:30:00Z	2025-04-04T15:57:00Z	MINUTE	LAST	5	2025-04-04T15:57:42.484Z	1.1008200000	1.1008700000	82058	true		false	false
bls:us_employment_situation:20250404T1230Z	2025-04-04T12:30:00Z	2025-04-04T15:58:00Z	ADJACENT_PREVIOUS	LAST	1	2025-04-04T15:57:41.556Z	1.1008000000	1.1008500000	82054	true		false	false
bls:us_employment_situation:20250404T1230Z	2025-04-04T12:30:00Z	2025-04-04T15:58:00Z	ADJACENT_PREVIOUS	LAST	2	2025-04-04T15:57:41.814Z	1.1008200000	1.1008800000	82055	true		false	false
bls:us_employment_situation:20250404T1230Z	2025-04-04T12:30:00Z	2025-04-04T15:58:00Z	ADJACENT_PREVIOUS	LAST	3	2025-04-04T15:57:41.917Z	1.1008300000	1.1008900000	82056	true		false	false
bls:us_employment_situation:20250404T1230Z	2025-04-04T12:30:00Z	2025-04-04T15:58:00Z	ADJACENT_PREVIOUS	LAST	4	2025-04-04T15:57:42.378Z	1.1008400000	1.1008600000	82057	true		false	false
bls:us_employment_situation:20250404T1230Z	2025-04-04T12:30:00Z	2025-04-04T15:58:00Z	ADJACENT_PREVIOUS	LAST	5	2025-04-04T15:57:42.484Z	1.1008200000	1.1008700000	82058	true		false	false
bls:us_employment_situation:20250404T1230Z	2025-04-04T12:30:00Z	2025-04-04T15:59:00Z	ADJACENT_NEXT	FIRST	1	2025-04-04T16:00:00.063Z	1.1013600000	1.1014400000	82059	true		false	false
bls:us_employment_situation:20250404T1230Z	2025-04-04T12:30:00Z	2025-04-04T15:59:00Z	ADJACENT_NEXT	FIRST	2	2025-04-04T16:00:00.168Z	1.1013600000	1.1014300000	82060	true		false	false
bls:us_employment_situation:20250404T1230Z	2025-04-04T12:30:00Z	2025-04-04T15:59:00Z	ADJACENT_NEXT	FIRST	3	2025-04-04T16:00:00.272Z	1.1013500000	1.1014300000	82061	true		false	false
bls:us_employment_situation:20250404T1230Z	2025-04-04T12:30:00Z	2025-04-04T15:59:00Z	ADJACENT_NEXT	FIRST	4	2025-04-04T16:00:00.376Z	1.1013500000	1.1014200000	82062	true		false	false
bls:us_employment_situation:20250404T1230Z	2025-04-04T12:30:00Z	2025-04-04T15:59:00Z	ADJACENT_NEXT	FIRST	5	2025-04-04T16:00:00.935Z	1.1013400000	1.1013900000	82063	true		false	false
bls:us_cpi_release:20260512T1230Z	2026-05-12T12:30:00Z	2026-05-12T12:53:00Z	MINUTE	FIRST	1	2026-05-12T12:53:00.306Z	1.1749100000	1.1749300000	3135	true		false	false
bls:us_cpi_release:20260512T1230Z	2026-05-12T12:30:00Z	2026-05-12T12:53:00Z	MINUTE	FIRST	2	2026-05-12T12:53:00.410Z	1.1748900000	1.1749000000	3136	true		false	false
bls:us_cpi_release:20260512T1230Z	2026-05-12T12:30:00Z	2026-05-12T12:53:00Z	MINUTE	FIRST	3	2026-05-12T12:53:00.515Z	1.1748700000	1.1749100000	3137	true		false	false
bls:us_cpi_release:20260512T1230Z	2026-05-12T12:30:00Z	2026-05-12T12:53:00Z	MINUTE	FIRST	4	2026-05-12T12:53:00.873Z	1.1748600000	1.1749000000	3138	true		false	false
bls:us_cpi_release:20260512T1230Z	2026-05-12T12:30:00Z	2026-05-12T12:53:00Z	MINUTE	FIRST	5	2026-05-12T12:53:00.977Z	1.1748600000	1.1748900000	3139	true		false	false
bls:us_cpi_release:20260512T1230Z	2026-05-12T12:30:00Z	2026-05-12T12:53:00Z	MINUTE	LAST	1	2026-05-12T12:53:58.799Z	1.1748700000	1.1749100000	3187	true		false	false
bls:us_cpi_release:20260512T1230Z	2026-05-12T12:30:00Z	2026-05-12T12:53:00Z	MINUTE	LAST	2	2026-05-12T12:53:58.957Z	1.1748900000	1.1749100000	3188	true		false	false
bls:us_cpi_release:20260512T1230Z	2026-05-12T12:30:00Z	2026-05-12T12:53:00Z	MINUTE	LAST	3	2026-05-12T12:53:59.217Z	1.1749000000	1.1749100000	3189	true		false	false
bls:us_cpi_release:20260512T1230Z	2026-05-12T12:30:00Z	2026-05-12T12:53:00Z	MINUTE	LAST	4	2026-05-12T12:53:59.370Z	1.1749000000	1.1749300000	3190	true		false	false
bls:us_cpi_release:20260512T1230Z	2026-05-12T12:30:00Z	2026-05-12T12:53:00Z	MINUTE	LAST	5	2026-05-12T12:53:59.474Z	1.1749000000	1.1749400000	3191	true		false	false
bls:us_cpi_release:20260512T1230Z	2026-05-12T12:30:00Z	2026-05-12T12:54:00Z	MINUTE	FIRST	1	2026-05-12T12:54:00.286Z	1.1749100000	1.1749500000	3192	true		false	false
bls:us_cpi_release:20260512T1230Z	2026-05-12T12:30:00Z	2026-05-12T12:54:00Z	MINUTE	FIRST	2	2026-05-12T12:54:00.390Z	1.1749300000	1.1749500000	3193	true		false	false
bls:us_cpi_release:20260512T1230Z	2026-05-12T12:30:00Z	2026-05-12T12:54:00Z	MINUTE	FIRST	3	2026-05-12T12:54:00.950Z	1.1749100000	1.1749500000	3194	true		false	false
bls:us_cpi_release:20260512T1230Z	2026-05-12T12:30:00Z	2026-05-12T12:54:00Z	MINUTE	FIRST	4	2026-05-12T12:54:02.168Z	1.1748800000	1.1749000000	3195	true		false	false
bls:us_cpi_release:20260512T1230Z	2026-05-12T12:30:00Z	2026-05-12T12:54:00Z	MINUTE	FIRST	5	2026-05-12T12:54:02.272Z	1.1748700000	1.1748900000	3196	true		false	false
bls:us_cpi_release:20260512T1230Z	2026-05-12T12:30:00Z	2026-05-12T12:54:00Z	MINUTE	LAST	1	2026-05-12T12:54:54.830Z	1.1747900000	1.1748000000	3266	true		false	false
bls:us_cpi_release:20260512T1230Z	2026-05-12T12:30:00Z	2026-05-12T12:54:00Z	MINUTE	LAST	2	2026-05-12T12:54:54.935Z	1.1747900000	1.1748100000	3267	true		false	false
bls:us_cpi_release:20260512T1230Z	2026-05-12T12:30:00Z	2026-05-12T12:54:00Z	MINUTE	LAST	3	2026-05-12T12:54:56.203Z	1.1748000000	1.1748200000	3268	true		false	false
bls:us_cpi_release:20260512T1230Z	2026-05-12T12:30:00Z	2026-05-12T12:54:00Z	MINUTE	LAST	4	2026-05-12T12:54:56.306Z	1.1748000000	1.1748400000	3269	true		false	false
bls:us_cpi_release:20260512T1230Z	2026-05-12T12:30:00Z	2026-05-12T12:54:00Z	MINUTE	LAST	5	2026-05-12T12:54:57.628Z	1.1748200000	1.1748400000	3270	true		false	false
