rank,feature,mean_importance,std_importance,min_importance,max_importance,folds
1,lower_wick,0.17814356833696365,0.007090827413512314,0.17159517109394073,0.1887080818414688,6
2,upper_wick,0.15716991325219473,0.01783503848637125,0.13517622649669647,0.17910663783550262,6
3,range,0.06382329699893792,0.0025246137773493843,0.05930420383810997,0.06693144887685776,6
4,price_vs_ma10,0.03671290042499701,0.0025925000752017877,0.033299267292022705,0.039915647357702255,6
5,atr_14,0.03620410586396853,0.0013262665305234043,0.03384542465209961,0.037338078022003174,6
6,volatility_20,0.03468476111690203,0.002359282850859771,0.03192395344376564,0.03909160941839218,6
7,volatility_5,0.03417067043483257,0.0017837980257724409,0.03121902048587799,0.03646640107035637,6
8,month,0.03408324314902226,0.0020956239812416257,0.03074265457689762,0.03696773201227188,6
9,momentum_10,0.03370911938448747,0.00118013658171788,0.032303325831890106,0.03553766757249832,6
10,ma10_vs_ma20,0.033654152105251946,0.0025260002281525694,0.030856959521770477,0.03679360821843147,6
11,momentum_3,0.033641247699658074,0.0006005194705487062,0.032842967659235,0.034638117998838425,6
12,momentum_5,0.03342591008792321,0.00190353848877826,0.03098987601697445,0.035559989511966705,6
13,return_10d,0.03304943193991979,0.0017732208773755505,0.031058698892593384,0.03558900207281113,6
14,volatility_10,0.03304661872486273,0.000823353601740065,0.032092176377773285,0.03424160182476044,6
15,body,0.03282255741457144,0.0014115103798401734,0.030739299952983856,0.03418676555156708,6
16,rsi_14,0.03278967241446177,0.0012089761170148313,0.03121751919388771,0.034937165677547455,6
17,price_vs_ma20,0.03258811061580976,0.0014155929194433208,0.03085358440876007,0.034740786999464035,6
18,return_5d,0.031951103980342545,0.0015564769667895098,0.029634615406394005,0.033617787063121796,6
19,return_3d,0.031926846131682396,0.0023053386083710637,0.028596147894859314,0.03531360998749733,6
20,day_of_week,0.03175724297761917,0.003433253608308363,0.02732623927295208,0.03572831675410271,6
21,return_1d,0.030645521668096382,0.0013951697598567978,0.028986262157559395,0.032276079058647156,6
