event_id,event_type,reference_period,event_timestamp_utc,api_error_code,api_error_message,bars_returned,first_bar_utc,last_bar_utc,pre_event_m1,after_1m_m1,after_5m_m1,after_15m_m1,after_60m_m1,after_240m_m1,coverage_complete
bls:us_employment_situation:20150109T1330Z,us_employment_situation,2014-12-01 00:00:00+00:00,2015-01-09 13:30:00+00:00,1,Success,1,2026-05-11 13:16:00+00:00,2026-05-11 13:16:00+00:00,False,False,False,False,False,False,False
bls:us_cpi_release:20150116T1330Z,us_cpi_release,2014-12-01 00:00:00+00:00,2015-01-16 13:30:00+00:00,1,Success,1,2026-05-11 13:16:00+00:00,2026-05-11 13:16:00+00:00,False,False,False,False,False,False,False
bls:us_employment_situation:20150206T1330Z,us_employment_situation,2015-01-01 00:00:00+00:00,2015-02-06 13:30:00+00:00,1,Success,1,2026-05-11 13:16:00+00:00,2026-05-11 13:16:00+00:00,False,False,False,False,False,False,False
bls:us_employment_situation:20150306T1330Z,us_employment_situation,2015-02-01 00:00:00+00:00,2015-03-06 13:30:00+00:00,1,Success,1,2026-05-11 13:16:00+00:00,2026-05-11 13:16:00+00:00,False,False,False,False,False,False,False
bls:us_cpi_release:20150324T1230Z,us_cpi_release,2015-02-01 00:00:00+00:00,2015-03-24 12:30:00+00:00,1,Success,1,2026-05-11 13:16:00+00:00,2026-05-11 13:16:00+00:00,False,False,False,False,False,False,False
bls:us_employment_situation:20150403T1230Z,us_employment_situation,2015-03-01 00:00:00+00:00,2015-04-03 12:30:00+00:00,1,Success,1,2026-05-11 13:16:00+00:00,2026-05-11 13:16:00+00:00,False,False,False,False,False,False,False
bls:us_cpi_release:20150417T1230Z,us_cpi_release,2015-03-01 00:00:00+00:00,2015-04-17 12:30:00+00:00,1,Success,1,2026-05-11 13:16:00+00:00,2026-05-11 13:16:00+00:00,False,False,False,False,False,False,False
bls:us_employment_situation:20150508T1230Z,us_employment_situation,2015-04-01 00:00:00+00:00,2015-05-08 12:30:00+00:00,1,Success,1,2026-05-11 13:16:00+00:00,2026-05-11 13:16:00+00:00,False,False,False,False,False,False,False
bls:us_cpi_release:20150522T1230Z,us_cpi_release,2015-04-01 00:00:00+00:00,2015-05-22 12:30:00+00:00,1,Success,1,2026-05-11 13:16:00+00:00,2026-05-11 13:16:00+00:00,False,False,False,False,False,False,False
bls:us_employment_situation:20150605T1230Z,us_employment_situation,2015-05-01 00:00:00+00:00,2015-06-05 12:30:00+00:00,1,Success,1,2026-05-11 13:16:00+00:00,2026-05-11 13:16:00+00:00,False,False,False,False,False,False,False
bls:us_cpi_release:20150618T1230Z,us_cpi_release,2015-05-01 00:00:00+00:00,2015-06-18 12:30:00+00:00,1,Success,1,2026-05-11 13:16:00+00:00,2026-05-11 13:16:00+00:00,False,False,False,False,False,False,False
bls:us_employment_situation:20150702T1230Z,us_employment_situation,2015-06-01 00:00:00+00:00,2015-07-02 12:30:00+00:00,1,Success,1,2026-05-11 13:16:00+00:00,2026-05-11 13:16:00+00:00,False,False,False,False,False,False,False
bls:us_cpi_release:20150717T1230Z,us_cpi_release,2015-06-01 00:00:00+00:00,2015-07-17 12:30:00+00:00,1,Success,1,2026-05-11 13:16:00+00:00,2026-05-11 13:16:00+00:00,False,False,False,False,False,False,False
bls:us_employment_situation:20150807T1230Z,us_employment_situation,2015-07-01 00:00:00+00:00,2015-08-07 12:30:00+00:00,1,Success,1,2026-05-11 13:16:00+00:00,2026-05-11 13:16:00+00:00,False,False,False,False,False,False,False
bls:us_cpi_release:20150819T1230Z,us_cpi_release,2015-07-01 00:00:00+00:00,2015-08-19 12:30:00+00:00,1,Success,1,2026-05-11 13:16:00+00:00,2026-05-11 13:16:00+00:00,False,False,False,False,False,False,False
bls:us_employment_situation:20150904T1230Z,us_employment_situation,2015-08-01 00:00:00+00:00,2015-09-04 12:30:00+00:00,1,Success,1,2026-05-11 13:16:00+00:00,2026-05-11 13:16:00+00:00,False,False,False,False,False,False,False
bls:us_cpi_release:20150916T1230Z,us_cpi_release,2015-08-01 00:00:00+00:00,2015-09-16 12:30:00+00:00,1,Success,1,2026-05-11 13:16:00+00:00,2026-05-11 13:16:00+00:00,False,False,False,False,False,False,False
bls:us_employment_situation:20151002T1230Z,us_employment_situation,2015-09-01 00:00:00+00:00,2015-10-02 12:30:00+00:00,1,Success,1,2026-05-11 13:16:00+00:00,2026-05-11 13:16:00+00:00,False,False,False,False,False,False,False
bls:us_cpi_release:20151015T1230Z,us_cpi_release,2015-09-01 00:00:00+00:00,2015-10-15 12:30:00+00:00,1,Success,1,2026-05-11 13:16:00+00:00,2026-05-11 13:16:00+00:00,False,False,False,False,False,False,False
bls:us_employment_situation:20151106T1330Z,us_employment_situation,2015-10-01 00:00:00+00:00,2015-11-06 13:30:00+00:00,1,Success,1,2026-05-11 13:16:00+00:00,2026-05-11 13:16:00+00:00,False,False,False,False,False,False,False
bls:us_cpi_release:20151117T1330Z,us_cpi_release,2015-10-01 00:00:00+00:00,2015-11-17 13:30:00+00:00,1,Success,1,2026-05-11 13:16:00+00:00,2026-05-11 13:16:00+00:00,False,False,False,False,False,False,False
bls:us_employment_situation:20151204T1330Z,us_employment_situation,2015-11-01 00:00:00+00:00,2015-12-04 13:30:00+00:00,1,Success,1,2026-05-11 13:16:00+00:00,2026-05-11 13:16:00+00:00,False,False,False,False,False,False,False
bls:us_cpi_release:20151215T1330Z,us_cpi_release,2015-11-01 00:00:00+00:00,2015-12-15 13:30:00+00:00,1,Success,1,2026-05-11 13:16:00+00:00,2026-05-11 13:16:00+00:00,False,False,False,False,False,False,False
bls:us_employment_situation:20160108T1330Z,us_employment_situation,2015-12-01 00:00:00+00:00,2016-01-08 13:30:00+00:00,1,Success,1,2026-05-11 13:16:00+00:00,2026-05-11 13:16:00+00:00,False,False,False,False,False,False,False
bls:us_cpi_release:20160120T1330Z,us_cpi_release,2015-12-01 00:00:00+00:00,2016-01-20 13:30:00+00:00,1,Success,1,2026-05-11 13:16:00+00:00,2026-05-11 13:16:00+00:00,False,False,False,False,False,False,False
bls:us_employment_situation:20160205T1330Z,us_employment_situation,2016-01-01 00:00:00+00:00,2016-02-05 13:30:00+00:00,1,Success,1,2026-05-11 13:16:00+00:00,2026-05-11 13:16:00+00:00,False,False,False,False,False,False,False
bls:us_cpi_release:20160219T1330Z,us_cpi_release,2016-01-01 00:00:00+00:00,2016-02-19 13:30:00+00:00,1,Success,1,2026-05-11 13:16:00+00:00,2026-05-11 13:16:00+00:00,False,False,False,False,False,False,False
bls:us_employment_situation:20160304T1330Z,us_employment_situation,2016-02-01 00:00:00+00:00,2016-03-04 13:30:00+00:00,1,Success,1,2026-05-11 13:16:00+00:00,2026-05-11 13:16:00+00:00,False,False,False,False,False,False,False
bls:us_cpi_release:20160316T1230Z,us_cpi_release,2016-02-01 00:00:00+00:00,2016-03-16 12:30:00+00:00,1,Success,1,2026-05-11 13:16:00+00:00,2026-05-11 13:16:00+00:00,False,False,False,False,False,False,False
bls:us_employment_situation:20160401T1230Z,us_employment_situation,2016-03-01 00:00:00+00:00,2016-04-01 12:30:00+00:00,1,Success,1,2026-05-11 13:16:00+00:00,2026-05-11 13:16:00+00:00,False,False,False,False,False,False,False
bls:us_cpi_release:20160414T1230Z,us_cpi_release,2016-03-01 00:00:00+00:00,2016-04-14 12:30:00+00:00,1,Success,1,2026-05-11 13:16:00+00:00,2026-05-11 13:16:00+00:00,False,False,False,False,False,False,False
bls:us_employment_situation:20160506T1230Z,us_employment_situation,2016-04-01 00:00:00+00:00,2016-05-06 12:30:00+00:00,1,Success,1,2026-05-11 13:16:00+00:00,2026-05-11 13:16:00+00:00,False,False,False,False,False,False,False
bls:us_cpi_release:20160517T1230Z,us_cpi_release,2016-04-01 00:00:00+00:00,2016-05-17 12:30:00+00:00,1,Success,1,2026-05-11 13:16:00+00:00,2026-05-11 13:16:00+00:00,False,False,False,False,False,False,False
bls:us_employment_situation:20160603T1230Z,us_employment_situation,2016-05-01 00:00:00+00:00,2016-06-03 12:30:00+00:00,1,Success,1,2026-05-11 13:16:00+00:00,2026-05-11 13:16:00+00:00,False,False,False,False,False,False,False
bls:us_cpi_release:20160616T1230Z,us_cpi_release,2016-05-01 00:00:00+00:00,2016-06-16 12:30:00+00:00,1,Success,1,2026-05-11 13:16:00+00:00,2026-05-11 13:16:00+00:00,False,False,False,False,False,False,False
bls:us_employment_situation:20160708T1230Z,us_employment_situation,2016-06-01 00:00:00+00:00,2016-07-08 12:30:00+00:00,1,Success,1,2026-05-11 13:16:00+00:00,2026-05-11 13:16:00+00:00,False,False,False,False,False,False,False
bls:us_cpi_release:20160715T1230Z,us_cpi_release,2016-06-01 00:00:00+00:00,2016-07-15 12:30:00+00:00,1,Success,1,2026-05-11 13:16:00+00:00,2026-05-11 13:16:00+00:00,False,False,False,False,False,False,False
bls:us_employment_situation:20160805T1230Z,us_employment_situation,2016-07-01 00:00:00+00:00,2016-08-05 12:30:00+00:00,1,Success,1,2026-05-11 13:16:00+00:00,2026-05-11 13:16:00+00:00,False,False,False,False,False,False,False
bls:us_cpi_release:20160816T1230Z,us_cpi_release,2016-07-01 00:00:00+00:00,2016-08-16 12:30:00+00:00,1,Success,1,2026-05-11 13:16:00+00:00,2026-05-11 13:16:00+00:00,False,False,False,False,False,False,False
bls:us_employment_situation:20160902T1230Z,us_employment_situation,2016-08-01 00:00:00+00:00,2016-09-02 12:30:00+00:00,1,Success,1,2026-05-11 13:16:00+00:00,2026-05-11 13:16:00+00:00,False,False,False,False,False,False,False
bls:us_cpi_release:20160916T1230Z,us_cpi_release,2016-08-01 00:00:00+00:00,2016-09-16 12:30:00+00:00,1,Success,1,2026-05-11 13:16:00+00:00,2026-05-11 13:16:00+00:00,False,False,False,False,False,False,False
bls:us_employment_situation:20161007T1230Z,us_employment_situation,2016-09-01 00:00:00+00:00,2016-10-07 12:30:00+00:00,1,Success,1,2026-05-11 13:16:00+00:00,2026-05-11 13:16:00+00:00,False,False,False,False,False,False,False
bls:us_cpi_release:20161018T1230Z,us_cpi_release,2016-09-01 00:00:00+00:00,2016-10-18 12:30:00+00:00,1,Success,1,2026-05-11 13:16:00+00:00,2026-05-11 13:16:00+00:00,False,False,False,False,False,False,False
bls:us_employment_situation:20161104T1230Z,us_employment_situation,2016-10-01 00:00:00+00:00,2016-11-04 12:30:00+00:00,1,Success,1,2026-05-11 13:16:00+00:00,2026-05-11 13:16:00+00:00,False,False,False,False,False,False,False
bls:us_cpi_release:20161117T1330Z,us_cpi_release,2016-10-01 00:00:00+00:00,2016-11-17 13:30:00+00:00,1,Success,1,2026-05-11 13:16:00+00:00,2026-05-11 13:16:00+00:00,False,False,False,False,False,False,False
bls:us_employment_situation:20161202T1330Z,us_employment_situation,2016-11-01 00:00:00+00:00,2016-12-02 13:30:00+00:00,1,Success,1,2026-05-11 13:16:00+00:00,2026-05-11 13:16:00+00:00,False,False,False,False,False,False,False
bls:us_cpi_release:20161215T1330Z,us_cpi_release,2016-11-01 00:00:00+00:00,2016-12-15 13:30:00+00:00,1,Success,1,2026-05-11 13:16:00+00:00,2026-05-11 13:16:00+00:00,False,False,False,False,False,False,False
bls:us_employment_situation:20170106T1330Z,us_employment_situation,2016-12-01 00:00:00+00:00,2017-01-06 13:30:00+00:00,1,Success,1,2026-05-11 13:16:00+00:00,2026-05-11 13:16:00+00:00,False,False,False,False,False,False,False
bls:us_cpi_release:20170118T1330Z,us_cpi_release,2016-12-01 00:00:00+00:00,2017-01-18 13:30:00+00:00,1,Success,1,2026-05-11 13:16:00+00:00,2026-05-11 13:16:00+00:00,False,False,False,False,False,False,False
bls:us_employment_situation:20170203T1330Z,us_employment_situation,2017-01-01 00:00:00+00:00,2017-02-03 13:30:00+00:00,1,Success,1,2026-05-11 13:16:00+00:00,2026-05-11 13:16:00+00:00,False,False,False,False,False,False,False
bls:us_cpi_release:20170215T1330Z,us_cpi_release,2017-01-01 00:00:00+00:00,2017-02-15 13:30:00+00:00,1,Success,1,2026-05-11 13:16:00+00:00,2026-05-11 13:16:00+00:00,False,False,False,False,False,False,False
bls:us_employment_situation:20170310T1330Z,us_employment_situation,2017-02-01 00:00:00+00:00,2017-03-10 13:30:00+00:00,1,Success,1,2026-05-11 13:16:00+00:00,2026-05-11 13:16:00+00:00,False,False,False,False,False,False,False
bls:us_cpi_release:20170315T1230Z,us_cpi_release,2017-02-01 00:00:00+00:00,2017-03-15 12:30:00+00:00,1,Success,1,2026-05-11 13:16:00+00:00,2026-05-11 13:16:00+00:00,False,False,False,False,False,False,False
bls:us_employment_situation:20170407T1230Z,us_employment_situation,2017-03-01 00:00:00+00:00,2017-04-07 12:30:00+00:00,1,Success,1,2026-05-11 13:16:00+00:00,2026-05-11 13:16:00+00:00,False,False,False,False,False,False,False
bls:us_cpi_release:20170414T1230Z,us_cpi_release,2017-03-01 00:00:00+00:00,2017-04-14 12:30:00+00:00,1,Success,1,2026-05-11 13:16:00+00:00,2026-05-11 13:16:00+00:00,False,False,False,False,False,False,False
bls:us_employment_situation:20170505T1230Z,us_employment_situation,2017-04-01 00:00:00+00:00,2017-05-05 12:30:00+00:00,1,Success,1,2026-05-11 13:16:00+00:00,2026-05-11 13:16:00+00:00,False,False,False,False,False,False,False
bls:us_cpi_release:20170512T1230Z,us_cpi_release,2017-04-01 00:00:00+00:00,2017-05-12 12:30:00+00:00,1,Success,1,2026-05-11 13:16:00+00:00,2026-05-11 13:16:00+00:00,False,False,False,False,False,False,False
bls:us_employment_situation:20170602T1230Z,us_employment_situation,2017-05-01 00:00:00+00:00,2017-06-02 12:30:00+00:00,1,Success,1,2026-05-11 13:16:00+00:00,2026-05-11 13:16:00+00:00,False,False,False,False,False,False,False
bls:us_cpi_release:20170614T1230Z,us_cpi_release,2017-05-01 00:00:00+00:00,2017-06-14 12:30:00+00:00,1,Success,1,2026-05-11 13:16:00+00:00,2026-05-11 13:16:00+00:00,False,False,False,False,False,False,False
bls:us_employment_situation:20170707T1230Z,us_employment_situation,2017-06-01 00:00:00+00:00,2017-07-07 12:30:00+00:00,1,Success,1,2026-05-11 13:16:00+00:00,2026-05-11 13:16:00+00:00,False,False,False,False,False,False,False
bls:us_cpi_release:20170714T1230Z,us_cpi_release,2017-06-01 00:00:00+00:00,2017-07-14 12:30:00+00:00,1,Success,1,2026-05-11 13:16:00+00:00,2026-05-11 13:16:00+00:00,False,False,False,False,False,False,False
bls:us_employment_situation:20170804T1230Z,us_employment_situation,2017-07-01 00:00:00+00:00,2017-08-04 12:30:00+00:00,1,Success,1,2026-05-11 13:16:00+00:00,2026-05-11 13:16:00+00:00,False,False,False,False,False,False,False
bls:us_cpi_release:20170811T1230Z,us_cpi_release,2017-07-01 00:00:00+00:00,2017-08-11 12:30:00+00:00,1,Success,1,2026-05-11 13:16:00+00:00,2026-05-11 13:16:00+00:00,False,False,False,False,False,False,False
bls:us_employment_situation:20170901T1230Z,us_employment_situation,2017-08-01 00:00:00+00:00,2017-09-01 12:30:00+00:00,1,Success,1,2026-05-11 13:16:00+00:00,2026-05-11 13:16:00+00:00,False,False,False,False,False,False,False
bls:us_cpi_release:20170914T1230Z,us_cpi_release,2017-08-01 00:00:00+00:00,2017-09-14 12:30:00+00:00,1,Success,1,2026-05-11 13:16:00+00:00,2026-05-11 13:16:00+00:00,False,False,False,False,False,False,False
bls:us_employment_situation:20171006T1230Z,us_employment_situation,2017-09-01 00:00:00+00:00,2017-10-06 12:30:00+00:00,1,Success,1,2026-05-11 13:16:00+00:00,2026-05-11 13:16:00+00:00,False,False,False,False,False,False,False
bls:us_cpi_release:20171013T1230Z,us_cpi_release,2017-09-01 00:00:00+00:00,2017-10-13 12:30:00+00:00,1,Success,1,2026-05-11 13:16:00+00:00,2026-05-11 13:16:00+00:00,False,False,False,False,False,False,False
bls:us_employment_situation:20171103T1230Z,us_employment_situation,2017-10-01 00:00:00+00:00,2017-11-03 12:30:00+00:00,1,Success,1,2026-05-11 13:16:00+00:00,2026-05-11 13:16:00+00:00,False,False,False,False,False,False,False
bls:us_cpi_release:20171115T1330Z,us_cpi_release,2017-10-01 00:00:00+00:00,2017-11-15 13:30:00+00:00,1,Success,1,2026-05-11 13:16:00+00:00,2026-05-11 13:16:00+00:00,False,False,False,False,False,False,False
bls:us_employment_situation:20171208T1330Z,us_employment_situation,2017-11-01 00:00:00+00:00,2017-12-08 13:30:00+00:00,1,Success,1,2026-05-11 13:16:00+00:00,2026-05-11 13:16:00+00:00,False,False,False,False,False,False,False
bls:us_cpi_release:20171213T1330Z,us_cpi_release,2017-11-01 00:00:00+00:00,2017-12-13 13:30:00+00:00,1,Success,1,2026-05-11 13:16:00+00:00,2026-05-11 13:16:00+00:00,False,False,False,False,False,False,False
bls:us_employment_situation:20180105T1330Z,us_employment_situation,2017-12-01 00:00:00+00:00,2018-01-05 13:30:00+00:00,1,Success,1,2026-05-11 13:16:00+00:00,2026-05-11 13:16:00+00:00,False,False,False,False,False,False,False
bls:us_cpi_release:20180112T1330Z,us_cpi_release,2017-12-01 00:00:00+00:00,2018-01-12 13:30:00+00:00,1,Success,1,2026-05-11 13:16:00+00:00,2026-05-11 13:16:00+00:00,False,False,False,False,False,False,False
bls:us_employment_situation:20180202T1330Z,us_employment_situation,2018-01-01 00:00:00+00:00,2018-02-02 13:30:00+00:00,1,Success,1,2026-05-11 13:16:00+00:00,2026-05-11 13:16:00+00:00,False,False,False,False,False,False,False
bls:us_cpi_release:20180214T1330Z,us_cpi_release,2018-01-01 00:00:00+00:00,2018-02-14 13:30:00+00:00,1,Success,1,2026-05-11 13:16:00+00:00,2026-05-11 13:16:00+00:00,False,False,False,False,False,False,False
bls:us_employment_situation:20180309T1330Z,us_employment_situation,2018-02-01 00:00:00+00:00,2018-03-09 13:30:00+00:00,1,Success,1,2026-05-11 13:16:00+00:00,2026-05-11 13:16:00+00:00,False,False,False,False,False,False,False
bls:us_cpi_release:20180313T1230Z,us_cpi_release,2018-02-01 00:00:00+00:00,2018-03-13 12:30:00+00:00,1,Success,1,2026-05-11 13:16:00+00:00,2026-05-11 13:16:00+00:00,False,False,False,False,False,False,False
bls:us_employment_situation:20180406T1230Z,us_employment_situation,2018-03-01 00:00:00+00:00,2018-04-06 12:30:00+00:00,1,Success,1,2026-05-11 13:16:00+00:00,2026-05-11 13:16:00+00:00,False,False,False,False,False,False,False
bls:us_cpi_release:20180411T1230Z,us_cpi_release,2018-03-01 00:00:00+00:00,2018-04-11 12:30:00+00:00,1,Success,1,2026-05-11 13:16:00+00:00,2026-05-11 13:16:00+00:00,False,False,False,False,False,False,False
bls:us_employment_situation:20180504T1230Z,us_employment_situation,2018-04-01 00:00:00+00:00,2018-05-04 12:30:00+00:00,1,Success,1,2026-05-11 13:16:00+00:00,2026-05-11 13:16:00+00:00,False,False,False,False,False,False,False
bls:us_cpi_release:20180510T1230Z,us_cpi_release,2018-04-01 00:00:00+00:00,2018-05-10 12:30:00+00:00,1,Success,1,2026-05-11 13:16:00+00:00,2026-05-11 13:16:00+00:00,False,False,False,False,False,False,False
bls:us_employment_situation:20180601T1230Z,us_employment_situation,2018-05-01 00:00:00+00:00,2018-06-01 12:30:00+00:00,1,Success,1,2026-05-11 13:16:00+00:00,2026-05-11 13:16:00+00:00,False,False,False,False,False,False,False
bls:us_cpi_release:20180612T1230Z,us_cpi_release,2018-05-01 00:00:00+00:00,2018-06-12 12:30:00+00:00,1,Success,1,2026-05-11 13:16:00+00:00,2026-05-11 13:16:00+00:00,False,False,False,False,False,False,False
bls:us_employment_situation:20180706T1230Z,us_employment_situation,2018-06-01 00:00:00+00:00,2018-07-06 12:30:00+00:00,1,Success,1,2026-05-11 13:16:00+00:00,2026-05-11 13:16:00+00:00,False,False,False,False,False,False,False
bls:us_cpi_release:20180712T1230Z,us_cpi_release,2018-06-01 00:00:00+00:00,2018-07-12 12:30:00+00:00,1,Success,1,2026-05-11 13:16:00+00:00,2026-05-11 13:16:00+00:00,False,False,False,False,False,False,False
bls:us_employment_situation:20180803T1230Z,us_employment_situation,2018-07-01 00:00:00+00:00,2018-08-03 12:30:00+00:00,1,Success,1,2026-05-11 13:16:00+00:00,2026-05-11 13:16:00+00:00,False,False,False,False,False,False,False
bls:us_cpi_release:20180810T1230Z,us_cpi_release,2018-07-01 00:00:00+00:00,2018-08-10 12:30:00+00:00,1,Success,1,2026-05-11 13:16:00+00:00,2026-05-11 13:16:00+00:00,False,False,False,False,False,False,False
bls:us_employment_situation:20180907T1230Z,us_employment_situation,2018-08-01 00:00:00+00:00,2018-09-07 12:30:00+00:00,1,Success,1,2026-05-11 13:16:00+00:00,2026-05-11 13:16:00+00:00,False,False,False,False,False,False,False
bls:us_cpi_release:20180913T1230Z,us_cpi_release,2018-08-01 00:00:00+00:00,2018-09-13 12:30:00+00:00,1,Success,1,2026-05-11 13:16:00+00:00,2026-05-11 13:16:00+00:00,False,False,False,False,False,False,False
bls:us_employment_situation:20181005T1230Z,us_employment_situation,2018-09-01 00:00:00+00:00,2018-10-05 12:30:00+00:00,1,Success,1,2026-05-11 13:16:00+00:00,2026-05-11 13:16:00+00:00,False,False,False,False,False,False,False
bls:us_cpi_release:20181011T1230Z,us_cpi_release,2018-09-01 00:00:00+00:00,2018-10-11 12:30:00+00:00,1,Success,1,2026-05-11 13:16:00+00:00,2026-05-11 13:16:00+00:00,False,False,False,False,False,False,False
bls:us_employment_situation:20181102T1230Z,us_employment_situation,2018-10-01 00:00:00+00:00,2018-11-02 12:30:00+00:00,1,Success,1,2026-05-11 13:16:00+00:00,2026-05-11 13:16:00+00:00,False,False,False,False,False,False,False
bls:us_cpi_release:20181114T1330Z,us_cpi_release,2018-10-01 00:00:00+00:00,2018-11-14 13:30:00+00:00,1,Success,1,2026-05-11 13:16:00+00:00,2026-05-11 13:16:00+00:00,False,False,False,False,False,False,False
bls:us_employment_situation:20181207T1330Z,us_employment_situation,2018-11-01 00:00:00+00:00,2018-12-07 13:30:00+00:00,1,Success,1,2026-05-11 13:16:00+00:00,2026-05-11 13:16:00+00:00,False,False,False,False,False,False,False
bls:us_cpi_release:20181212T1330Z,us_cpi_release,2018-11-01 00:00:00+00:00,2018-12-12 13:30:00+00:00,1,Success,1,2026-05-11 13:16:00+00:00,2026-05-11 13:16:00+00:00,False,False,False,False,False,False,False
bls:us_employment_situation:20190104T1330Z,us_employment_situation,2018-12-01 00:00:00+00:00,2019-01-04 13:30:00+00:00,1,Success,1,2026-05-11 13:16:00+00:00,2026-05-11 13:16:00+00:00,False,False,False,False,False,False,False
bls:us_cpi_release:20190111T1330Z,us_cpi_release,2018-12-01 00:00:00+00:00,2019-01-11 13:30:00+00:00,1,Success,1,2026-05-11 13:16:00+00:00,2026-05-11 13:16:00+00:00,False,False,False,False,False,False,False
bls:us_employment_situation:20190201T1330Z,us_employment_situation,2019-01-01 00:00:00+00:00,2019-02-01 13:30:00+00:00,1,Success,1,2026-05-11 13:16:00+00:00,2026-05-11 13:16:00+00:00,False,False,False,False,False,False,False
bls:us_cpi_release:20190213T1330Z,us_cpi_release,2019-01-01 00:00:00+00:00,2019-02-13 13:30:00+00:00,1,Success,1,2026-05-11 13:16:00+00:00,2026-05-11 13:16:00+00:00,False,False,False,False,False,False,False
bls:us_employment_situation:20190308T1330Z,us_employment_situation,2019-02-01 00:00:00+00:00,2019-03-08 13:30:00+00:00,1,Success,1,2026-05-11 13:16:00+00:00,2026-05-11 13:16:00+00:00,False,False,False,False,False,False,False
bls:us_cpi_release:20190312T1230Z,us_cpi_release,2019-02-01 00:00:00+00:00,2019-03-12 12:30:00+00:00,1,Success,1,2026-05-11 13:16:00+00:00,2026-05-11 13:16:00+00:00,False,False,False,False,False,False,False
bls:us_employment_situation:20190405T1230Z,us_employment_situation,2019-03-01 00:00:00+00:00,2019-04-05 12:30:00+00:00,1,Success,1,2026-05-11 13:16:00+00:00,2026-05-11 13:16:00+00:00,False,False,False,False,False,False,False
bls:us_cpi_release:20190410T1230Z,us_cpi_release,2019-03-01 00:00:00+00:00,2019-04-10 12:30:00+00:00,1,Success,1,2026-05-11 13:16:00+00:00,2026-05-11 13:16:00+00:00,False,False,False,False,False,False,False
bls:us_employment_situation:20190503T1230Z,us_employment_situation,2019-04-01 00:00:00+00:00,2019-05-03 12:30:00+00:00,1,Success,1,2026-05-11 13:16:00+00:00,2026-05-11 13:16:00+00:00,False,False,False,False,False,False,False
bls:us_cpi_release:20190510T1230Z,us_cpi_release,2019-04-01 00:00:00+00:00,2019-05-10 12:30:00+00:00,1,Success,1,2026-05-11 13:16:00+00:00,2026-05-11 13:16:00+00:00,False,False,False,False,False,False,False
bls:us_employment_situation:20190607T1230Z,us_employment_situation,2019-05-01 00:00:00+00:00,2019-06-07 12:30:00+00:00,1,Success,1,2026-05-11 13:16:00+00:00,2026-05-11 13:16:00+00:00,False,False,False,False,False,False,False
bls:us_cpi_release:20190612T1230Z,us_cpi_release,2019-05-01 00:00:00+00:00,2019-06-12 12:30:00+00:00,1,Success,1,2026-05-11 13:16:00+00:00,2026-05-11 13:16:00+00:00,False,False,False,False,False,False,False
bls:us_employment_situation:20190705T1230Z,us_employment_situation,2019-06-01 00:00:00+00:00,2019-07-05 12:30:00+00:00,1,Success,1,2026-05-11 13:16:00+00:00,2026-05-11 13:16:00+00:00,False,False,False,False,False,False,False
bls:us_cpi_release:20190711T1230Z,us_cpi_release,2019-06-01 00:00:00+00:00,2019-07-11 12:30:00+00:00,1,Success,1,2026-05-11 13:16:00+00:00,2026-05-11 13:16:00+00:00,False,False,False,False,False,False,False
bls:us_employment_situation:20190802T1230Z,us_employment_situation,2019-07-01 00:00:00+00:00,2019-08-02 12:30:00+00:00,1,Success,1,2026-05-11 13:16:00+00:00,2026-05-11 13:16:00+00:00,False,False,False,False,False,False,False
bls:us_cpi_release:20190813T1230Z,us_cpi_release,2019-07-01 00:00:00+00:00,2019-08-13 12:30:00+00:00,1,Success,1,2026-05-11 13:16:00+00:00,2026-05-11 13:16:00+00:00,False,False,False,False,False,False,False
bls:us_employment_situation:20190906T1230Z,us_employment_situation,2019-08-01 00:00:00+00:00,2019-09-06 12:30:00+00:00,1,Success,1,2026-05-11 13:16:00+00:00,2026-05-11 13:16:00+00:00,False,False,False,False,False,False,False
bls:us_cpi_release:20190912T1230Z,us_cpi_release,2019-08-01 00:00:00+00:00,2019-09-12 12:30:00+00:00,1,Success,1,2026-05-11 13:16:00+00:00,2026-05-11 13:16:00+00:00,False,False,False,False,False,False,False
bls:us_employment_situation:20191004T1230Z,us_employment_situation,2019-09-01 00:00:00+00:00,2019-10-04 12:30:00+00:00,1,Success,1,2026-05-11 13:16:00+00:00,2026-05-11 13:16:00+00:00,False,False,False,False,False,False,False
bls:us_cpi_release:20191010T1230Z,us_cpi_release,2019-09-01 00:00:00+00:00,2019-10-10 12:30:00+00:00,1,Success,1,2026-05-11 13:16:00+00:00,2026-05-11 13:16:00+00:00,False,False,False,False,False,False,False
bls:us_employment_situation:20191101T1230Z,us_employment_situation,2019-10-01 00:00:00+00:00,2019-11-01 12:30:00+00:00,1,Success,1,2026-05-11 13:16:00+00:00,2026-05-11 13:16:00+00:00,False,False,False,False,False,False,False
bls:us_cpi_release:20191113T1330Z,us_cpi_release,2019-10-01 00:00:00+00:00,2019-11-13 13:30:00+00:00,1,Success,1,2026-05-11 13:16:00+00:00,2026-05-11 13:16:00+00:00,False,False,False,False,False,False,False
bls:us_employment_situation:20191206T1330Z,us_employment_situation,2019-11-01 00:00:00+00:00,2019-12-06 13:30:00+00:00,1,Success,1,2026-05-11 13:16:00+00:00,2026-05-11 13:16:00+00:00,False,False,False,False,False,False,False
bls:us_cpi_release:20191211T1330Z,us_cpi_release,2019-11-01 00:00:00+00:00,2019-12-11 13:30:00+00:00,1,Success,1,2026-05-11 13:16:00+00:00,2026-05-11 13:16:00+00:00,False,False,False,False,False,False,False
bls:us_employment_situation:20200110T1330Z,us_employment_situation,2019-12-01 00:00:00+00:00,2020-01-10 13:30:00+00:00,1,Success,1,2026-05-11 13:16:00+00:00,2026-05-11 13:16:00+00:00,False,False,False,False,False,False,False
bls:us_cpi_release:20200114T1330Z,us_cpi_release,2019-12-01 00:00:00+00:00,2020-01-14 13:30:00+00:00,1,Success,1,2026-05-11 13:16:00+00:00,2026-05-11 13:16:00+00:00,False,False,False,False,False,False,False
bls:us_employment_situation:20200207T1330Z,us_employment_situation,2020-01-01 00:00:00+00:00,2020-02-07 13:30:00+00:00,1,Success,1,2026-05-11 13:16:00+00:00,2026-05-11 13:16:00+00:00,False,False,False,False,False,False,False
bls:us_cpi_release:20200213T1330Z,us_cpi_release,2020-01-01 00:00:00+00:00,2020-02-13 13:30:00+00:00,1,Success,1,2026-05-11 13:16:00+00:00,2026-05-11 13:16:00+00:00,False,False,False,False,False,False,False
bls:us_employment_situation:20200306T1330Z,us_employment_situation,2020-02-01 00:00:00+00:00,2020-03-06 13:30:00+00:00,1,Success,1,2026-05-11 13:16:00+00:00,2026-05-11 13:16:00+00:00,False,False,False,False,False,False,False
bls:us_cpi_release:20200311T1230Z,us_cpi_release,2020-02-01 00:00:00+00:00,2020-03-11 12:30:00+00:00,1,Success,1,2026-05-11 13:16:00+00:00,2026-05-11 13:16:00+00:00,False,False,False,False,False,False,False
bls:us_employment_situation:20200403T1230Z,us_employment_situation,2020-03-01 00:00:00+00:00,2020-04-03 12:30:00+00:00,1,Success,1,2026-05-11 13:16:00+00:00,2026-05-11 13:16:00+00:00,False,False,False,False,False,False,False
bls:us_cpi_release:20200410T1230Z,us_cpi_release,2020-03-01 00:00:00+00:00,2020-04-10 12:30:00+00:00,1,Success,1,2026-05-11 13:16:00+00:00,2026-05-11 13:16:00+00:00,False,False,False,False,False,False,False
bls:us_employment_situation:20200508T1230Z,us_employment_situation,2020-04-01 00:00:00+00:00,2020-05-08 12:30:00+00:00,1,Success,1,2026-05-11 13:16:00+00:00,2026-05-11 13:16:00+00:00,False,False,False,False,False,False,False
bls:us_cpi_release:20200512T1230Z,us_cpi_release,2020-04-01 00:00:00+00:00,2020-05-12 12:30:00+00:00,1,Success,1,2026-05-11 13:16:00+00:00,2026-05-11 13:16:00+00:00,False,False,False,False,False,False,False
bls:us_employment_situation:20200605T1230Z,us_employment_situation,2020-05-01 00:00:00+00:00,2020-06-05 12:30:00+00:00,1,Success,1,2026-05-11 13:16:00+00:00,2026-05-11 13:16:00+00:00,False,False,False,False,False,False,False
bls:us_cpi_release:20200610T1230Z,us_cpi_release,2020-05-01 00:00:00+00:00,2020-06-10 12:30:00+00:00,1,Success,1,2026-05-11 13:16:00+00:00,2026-05-11 13:16:00+00:00,False,False,False,False,False,False,False
bls:us_employment_situation:20200702T1230Z,us_employment_situation,2020-06-01 00:00:00+00:00,2020-07-02 12:30:00+00:00,1,Success,1,2026-05-11 13:16:00+00:00,2026-05-11 13:16:00+00:00,False,False,False,False,False,False,False
bls:us_cpi_release:20200714T1230Z,us_cpi_release,2020-06-01 00:00:00+00:00,2020-07-14 12:30:00+00:00,1,Success,1,2026-05-11 13:16:00+00:00,2026-05-11 13:16:00+00:00,False,False,False,False,False,False,False
bls:us_employment_situation:20200807T1230Z,us_employment_situation,2020-07-01 00:00:00+00:00,2020-08-07 12:30:00+00:00,1,Success,1,2026-05-11 13:16:00+00:00,2026-05-11 13:16:00+00:00,False,False,False,False,False,False,False
bls:us_cpi_release:20200812T1230Z,us_cpi_release,2020-07-01 00:00:00+00:00,2020-08-12 12:30:00+00:00,1,Success,1,2026-05-11 13:16:00+00:00,2026-05-11 13:16:00+00:00,False,False,False,False,False,False,False
bls:us_employment_situation:20200904T1230Z,us_employment_situation,2020-08-01 00:00:00+00:00,2020-09-04 12:30:00+00:00,1,Success,1,2026-05-11 13:16:00+00:00,2026-05-11 13:16:00+00:00,False,False,False,False,False,False,False
bls:us_cpi_release:20200911T1230Z,us_cpi_release,2020-08-01 00:00:00+00:00,2020-09-11 12:30:00+00:00,1,Success,1,2026-05-11 13:16:00+00:00,2026-05-11 13:16:00+00:00,False,False,False,False,False,False,False
bls:us_employment_situation:20201002T1230Z,us_employment_situation,2020-09-01 00:00:00+00:00,2020-10-02 12:30:00+00:00,1,Success,1,2026-05-11 13:16:00+00:00,2026-05-11 13:16:00+00:00,False,False,False,False,False,False,False
bls:us_cpi_release:20201013T1230Z,us_cpi_release,2020-09-01 00:00:00+00:00,2020-10-13 12:30:00+00:00,1,Success,1,2026-05-11 13:16:00+00:00,2026-05-11 13:16:00+00:00,False,False,False,False,False,False,False
bls:us_employment_situation:20201106T1330Z,us_employment_situation,2020-10-01 00:00:00+00:00,2020-11-06 13:30:00+00:00,1,Success,1,2026-05-11 13:16:00+00:00,2026-05-11 13:16:00+00:00,False,False,False,False,False,False,False
bls:us_cpi_release:20201112T1330Z,us_cpi_release,2020-10-01 00:00:00+00:00,2020-11-12 13:30:00+00:00,1,Success,1,2026-05-11 13:16:00+00:00,2026-05-11 13:16:00+00:00,False,False,False,False,False,False,False
bls:us_employment_situation:20201204T1330Z,us_employment_situation,2020-11-01 00:00:00+00:00,2020-12-04 13:30:00+00:00,1,Success,1,2026-05-11 13:16:00+00:00,2026-05-11 13:16:00+00:00,False,False,False,False,False,False,False
bls:us_cpi_release:20201210T1330Z,us_cpi_release,2020-11-01 00:00:00+00:00,2020-12-10 13:30:00+00:00,1,Success,1,2026-05-11 13:16:00+00:00,2026-05-11 13:16:00+00:00,False,False,False,False,False,False,False
bls:us_employment_situation:20210108T1330Z,us_employment_situation,2020-12-01 00:00:00+00:00,2021-01-08 13:30:00+00:00,1,Success,1,2026-05-11 13:16:00+00:00,2026-05-11 13:16:00+00:00,False,False,False,False,False,False,False
bls:us_cpi_release:20210113T1330Z,us_cpi_release,2020-12-01 00:00:00+00:00,2021-01-13 13:30:00+00:00,1,Success,1,2026-05-11 13:16:00+00:00,2026-05-11 13:16:00+00:00,False,False,False,False,False,False,False
bls:us_employment_situation:20210205T1330Z,us_employment_situation,2021-01-01 00:00:00+00:00,2021-02-05 13:30:00+00:00,1,Success,1,2026-05-11 13:16:00+00:00,2026-05-11 13:16:00+00:00,False,False,False,False,False,False,False
bls:us_cpi_release:20210210T1330Z,us_cpi_release,2021-01-01 00:00:00+00:00,2021-02-10 13:30:00+00:00,1,Success,1,2026-05-11 13:16:00+00:00,2026-05-11 13:16:00+00:00,False,False,False,False,False,False,False
bls:us_employment_situation:20210305T1330Z,us_employment_situation,2021-02-01 00:00:00+00:00,2021-03-05 13:30:00+00:00,1,Success,1,2026-05-11 13:16:00+00:00,2026-05-11 13:16:00+00:00,False,False,False,False,False,False,False
bls:us_cpi_release:20210310T1330Z,us_cpi_release,2021-02-01 00:00:00+00:00,2021-03-10 13:30:00+00:00,1,Success,1,2026-05-11 13:16:00+00:00,2026-05-11 13:16:00+00:00,False,False,False,False,False,False,False
bls:us_employment_situation:20210402T1230Z,us_employment_situation,2021-03-01 00:00:00+00:00,2021-04-02 12:30:00+00:00,1,Success,1,2026-05-11 13:16:00+00:00,2026-05-11 13:16:00+00:00,False,False,False,False,False,False,False
bls:us_cpi_release:20210413T1230Z,us_cpi_release,2021-03-01 00:00:00+00:00,2021-04-13 12:30:00+00:00,1,Success,1,2026-05-11 13:16:00+00:00,2026-05-11 13:16:00+00:00,False,False,False,False,False,False,False
bls:us_employment_situation:20210507T1230Z,us_employment_situation,2021-04-01 00:00:00+00:00,2021-05-07 12:30:00+00:00,1,Success,1,2026-05-11 13:16:00+00:00,2026-05-11 13:16:00+00:00,False,False,False,False,False,False,False
bls:us_cpi_release:20210512T1230Z,us_cpi_release,2021-04-01 00:00:00+00:00,2021-05-12 12:30:00+00:00,1,Success,1,2026-05-11 13:16:00+00:00,2026-05-11 13:16:00+00:00,False,False,False,False,False,False,False
bls:us_employment_situation:20210604T1230Z,us_employment_situation,2021-05-01 00:00:00+00:00,2021-06-04 12:30:00+00:00,1,Success,1,2026-05-11 13:16:00+00:00,2026-05-11 13:16:00+00:00,False,False,False,False,False,False,False
bls:us_cpi_release:20210610T1230Z,us_cpi_release,2021-05-01 00:00:00+00:00,2021-06-10 12:30:00+00:00,1,Success,1,2026-05-11 13:16:00+00:00,2026-05-11 13:16:00+00:00,False,False,False,False,False,False,False
bls:us_employment_situation:20210702T1230Z,us_employment_situation,2021-06-01 00:00:00+00:00,2021-07-02 12:30:00+00:00,1,Success,1,2026-05-11 13:16:00+00:00,2026-05-11 13:16:00+00:00,False,False,False,False,False,False,False
bls:us_cpi_release:20210713T1230Z,us_cpi_release,2021-06-01 00:00:00+00:00,2021-07-13 12:30:00+00:00,1,Success,1,2026-05-11 13:16:00+00:00,2026-05-11 13:16:00+00:00,False,False,False,False,False,False,False
bls:us_employment_situation:20210806T1230Z,us_employment_situation,2021-07-01 00:00:00+00:00,2021-08-06 12:30:00+00:00,1,Success,1,2026-05-11 13:16:00+00:00,2026-05-11 13:16:00+00:00,False,False,False,False,False,False,False
bls:us_cpi_release:20210811T1230Z,us_cpi_release,2021-07-01 00:00:00+00:00,2021-08-11 12:30:00+00:00,1,Success,1,2026-05-11 13:16:00+00:00,2026-05-11 13:16:00+00:00,False,False,False,False,False,False,False
bls:us_employment_situation:20210903T1230Z,us_employment_situation,2021-08-01 00:00:00+00:00,2021-09-03 12:30:00+00:00,1,Success,1,2026-05-11 13:16:00+00:00,2026-05-11 13:16:00+00:00,False,False,False,False,False,False,False
bls:us_cpi_release:20210914T1230Z,us_cpi_release,2021-08-01 00:00:00+00:00,2021-09-14 12:30:00+00:00,1,Success,1,2026-05-11 13:16:00+00:00,2026-05-11 13:16:00+00:00,False,False,False,False,False,False,False
bls:us_employment_situation:20211008T1230Z,us_employment_situation,2021-09-01 00:00:00+00:00,2021-10-08 12:30:00+00:00,1,Success,1,2026-05-11 13:16:00+00:00,2026-05-11 13:16:00+00:00,False,False,False,False,False,False,False
bls:us_cpi_release:20211013T1230Z,us_cpi_release,2021-09-01 00:00:00+00:00,2021-10-13 12:30:00+00:00,1,Success,1,2026-05-11 13:16:00+00:00,2026-05-11 13:16:00+00:00,False,False,False,False,False,False,False
bls:us_employment_situation:20211105T1230Z,us_employment_situation,2021-10-01 00:00:00+00:00,2021-11-05 12:30:00+00:00,1,Success,1,2026-05-11 13:16:00+00:00,2026-05-11 13:16:00+00:00,False,False,False,False,False,False,False
bls:us_cpi_release:20211110T1330Z,us_cpi_release,2021-10-01 00:00:00+00:00,2021-11-10 13:30:00+00:00,1,Success,1,2026-05-11 13:16:00+00:00,2026-05-11 13:16:00+00:00,False,False,False,False,False,False,False
bls:us_employment_situation:20211203T1330Z,us_employment_situation,2021-11-01 00:00:00+00:00,2021-12-03 13:30:00+00:00,1,Success,1,2026-05-11 13:16:00+00:00,2026-05-11 13:16:00+00:00,False,False,False,False,False,False,False
bls:us_cpi_release:20211210T1330Z,us_cpi_release,2021-11-01 00:00:00+00:00,2021-12-10 13:30:00+00:00,1,Success,1,2026-05-11 13:16:00+00:00,2026-05-11 13:16:00+00:00,False,False,False,False,False,False,False
bls:us_employment_situation:20220107T1330Z,us_employment_situation,2021-12-01 00:00:00+00:00,2022-01-07 13:30:00+00:00,1,Success,1,2026-05-11 13:16:00+00:00,2026-05-11 13:16:00+00:00,False,False,False,False,False,False,False
bls:us_cpi_release:20220112T1330Z,us_cpi_release,2021-12-01 00:00:00+00:00,2022-01-12 13:30:00+00:00,1,Success,1,2026-05-11 13:16:00+00:00,2026-05-11 13:16:00+00:00,False,False,False,False,False,False,False
bls:us_employment_situation:20220204T1330Z,us_employment_situation,2022-01-01 00:00:00+00:00,2022-02-04 13:30:00+00:00,1,Success,1,2026-05-11 13:16:00+00:00,2026-05-11 13:16:00+00:00,False,False,False,False,False,False,False
bls:us_cpi_release:20220210T1330Z,us_cpi_release,2022-01-01 00:00:00+00:00,2022-02-10 13:30:00+00:00,1,Success,1,2026-05-11 13:16:00+00:00,2026-05-11 13:16:00+00:00,False,False,False,False,False,False,False
bls:us_employment_situation:20220304T1330Z,us_employment_situation,2022-02-01 00:00:00+00:00,2022-03-04 13:30:00+00:00,1,Success,1,2026-05-11 13:16:00+00:00,2026-05-11 13:16:00+00:00,False,False,False,False,False,False,False
bls:us_cpi_release:20220310T1330Z,us_cpi_release,2022-02-01 00:00:00+00:00,2022-03-10 13:30:00+00:00,1,Success,1,2026-05-11 13:16:00+00:00,2026-05-11 13:16:00+00:00,False,False,False,False,False,False,False
bls:us_employment_situation:20220401T1230Z,us_employment_situation,2022-03-01 00:00:00+00:00,2022-04-01 12:30:00+00:00,1,Success,1,2026-05-11 13:16:00+00:00,2026-05-11 13:16:00+00:00,False,False,False,False,False,False,False
bls:us_cpi_release:20220412T1230Z,us_cpi_release,2022-03-01 00:00:00+00:00,2022-04-12 12:30:00+00:00,1,Success,1,2026-05-11 13:16:00+00:00,2026-05-11 13:16:00+00:00,False,False,False,False,False,False,False
bls:us_employment_situation:20220506T1230Z,us_employment_situation,2022-04-01 00:00:00+00:00,2022-05-06 12:30:00+00:00,1,Success,1,2026-05-11 13:16:00+00:00,2026-05-11 13:16:00+00:00,False,False,False,False,False,False,False
bls:us_cpi_release:20220511T1230Z,us_cpi_release,2022-04-01 00:00:00+00:00,2022-05-11 12:30:00+00:00,1,Success,1,2026-05-11 13:16:00+00:00,2026-05-11 13:16:00+00:00,False,False,False,False,False,False,False
bls:us_employment_situation:20220603T1230Z,us_employment_situation,2022-05-01 00:00:00+00:00,2022-06-03 12:30:00+00:00,1,Success,1,2026-05-11 13:16:00+00:00,2026-05-11 13:16:00+00:00,False,False,False,False,False,False,False
bls:us_cpi_release:20220610T1230Z,us_cpi_release,2022-05-01 00:00:00+00:00,2022-06-10 12:30:00+00:00,1,Success,1,2026-05-11 13:16:00+00:00,2026-05-11 13:16:00+00:00,False,False,False,False,False,False,False
bls:us_employment_situation:20220708T1230Z,us_employment_situation,2022-06-01 00:00:00+00:00,2022-07-08 12:30:00+00:00,1,Success,1,2026-05-11 13:16:00+00:00,2026-05-11 13:16:00+00:00,False,False,False,False,False,False,False
bls:us_cpi_release:20220713T1230Z,us_cpi_release,2022-06-01 00:00:00+00:00,2022-07-13 12:30:00+00:00,1,Success,1,2026-05-11 13:16:00+00:00,2026-05-11 13:16:00+00:00,False,False,False,False,False,False,False
bls:us_employment_situation:20220805T1230Z,us_employment_situation,2022-07-01 00:00:00+00:00,2022-08-05 12:30:00+00:00,1,Success,1,2026-05-11 13:16:00+00:00,2026-05-11 13:16:00+00:00,False,False,False,False,False,False,False
bls:us_cpi_release:20220810T1230Z,us_cpi_release,2022-07-01 00:00:00+00:00,2022-08-10 12:30:00+00:00,1,Success,1,2026-05-11 13:16:00+00:00,2026-05-11 13:16:00+00:00,False,False,False,False,False,False,False
bls:us_employment_situation:20220902T1230Z,us_employment_situation,2022-08-01 00:00:00+00:00,2022-09-02 12:30:00+00:00,1,Success,1,2026-05-11 13:16:00+00:00,2026-05-11 13:16:00+00:00,False,False,False,False,False,False,False
bls:us_cpi_release:20220913T1230Z,us_cpi_release,2022-08-01 00:00:00+00:00,2022-09-13 12:30:00+00:00,1,Success,1,2026-05-11 13:16:00+00:00,2026-05-11 13:16:00+00:00,False,False,False,False,False,False,False
bls:us_employment_situation:20221007T1230Z,us_employment_situation,2022-09-01 00:00:00+00:00,2022-10-07 12:30:00+00:00,1,Success,1,2026-05-11 13:16:00+00:00,2026-05-11 13:16:00+00:00,False,False,False,False,False,False,False
bls:us_cpi_release:20221013T1230Z,us_cpi_release,2022-09-01 00:00:00+00:00,2022-10-13 12:30:00+00:00,1,Success,1,2026-05-11 13:16:00+00:00,2026-05-11 13:16:00+00:00,False,False,False,False,False,False,False
bls:us_employment_situation:20221104T1230Z,us_employment_situation,2022-10-01 00:00:00+00:00,2022-11-04 12:30:00+00:00,1,Success,1,2026-05-11 13:16:00+00:00,2026-05-11 13:16:00+00:00,False,False,False,False,False,False,False
bls:us_cpi_release:20221110T1330Z,us_cpi_release,2022-10-01 00:00:00+00:00,2022-11-10 13:30:00+00:00,1,Success,1,2026-05-11 13:16:00+00:00,2026-05-11 13:16:00+00:00,False,False,False,False,False,False,False
bls:us_employment_situation:20221202T1330Z,us_employment_situation,2022-11-01 00:00:00+00:00,2022-12-02 13:30:00+00:00,1,Success,1,2026-05-11 13:16:00+00:00,2026-05-11 13:16:00+00:00,False,False,False,False,False,False,False
bls:us_cpi_release:20221213T1330Z,us_cpi_release,2022-11-01 00:00:00+00:00,2022-12-13 13:30:00+00:00,1,Success,1,2026-05-11 13:16:00+00:00,2026-05-11 13:16:00+00:00,False,False,False,False,False,False,False
bls:us_employment_situation:20230106T1330Z,us_employment_situation,2022-12-01 00:00:00+00:00,2023-01-06 13:30:00+00:00,1,Success,1,2026-05-11 13:16:00+00:00,2026-05-11 13:16:00+00:00,False,False,False,False,False,False,False
bls:us_cpi_release:20230112T1330Z,us_cpi_release,2022-12-01 00:00:00+00:00,2023-01-12 13:30:00+00:00,1,Success,1,2026-05-11 13:16:00+00:00,2026-05-11 13:16:00+00:00,False,False,False,False,False,False,False
bls:us_employment_situation:20230203T1330Z,us_employment_situation,2023-01-01 00:00:00+00:00,2023-02-03 13:30:00+00:00,1,Success,1,2026-05-11 13:16:00+00:00,2026-05-11 13:16:00+00:00,False,False,False,False,False,False,False
bls:us_cpi_release:20230214T1330Z,us_cpi_release,2023-01-01 00:00:00+00:00,2023-02-14 13:30:00+00:00,1,Success,1,2026-05-11 13:16:00+00:00,2026-05-11 13:16:00+00:00,False,False,False,False,False,False,False
bls:us_employment_situation:20230310T1330Z,us_employment_situation,2023-02-01 00:00:00+00:00,2023-03-10 13:30:00+00:00,1,Success,1,2026-05-11 13:16:00+00:00,2026-05-11 13:16:00+00:00,False,False,False,False,False,False,False
bls:us_cpi_release:20230314T1230Z,us_cpi_release,2023-02-01 00:00:00+00:00,2023-03-14 12:30:00+00:00,1,Success,1,2026-05-11 13:16:00+00:00,2026-05-11 13:16:00+00:00,False,False,False,False,False,False,False
bls:us_employment_situation:20230407T1230Z,us_employment_situation,2023-03-01 00:00:00+00:00,2023-04-07 12:30:00+00:00,1,Success,1,2026-05-11 13:16:00+00:00,2026-05-11 13:16:00+00:00,False,False,False,False,False,False,False
bls:us_cpi_release:20230412T1230Z,us_cpi_release,2023-03-01 00:00:00+00:00,2023-04-12 12:30:00+00:00,1,Success,1,2026-05-11 13:16:00+00:00,2026-05-11 13:16:00+00:00,False,False,False,False,False,False,False
bls:us_employment_situation:20230505T1230Z,us_employment_situation,2023-04-01 00:00:00+00:00,2023-05-05 12:30:00+00:00,1,Success,1,2026-05-11 13:16:00+00:00,2026-05-11 13:16:00+00:00,False,False,False,False,False,False,False
bls:us_cpi_release:20230510T1230Z,us_cpi_release,2023-04-01 00:00:00+00:00,2023-05-10 12:30:00+00:00,1,Success,1,2026-05-11 13:16:00+00:00,2026-05-11 13:16:00+00:00,False,False,False,False,False,False,False
bls:us_employment_situation:20230602T1230Z,us_employment_situation,2023-05-01 00:00:00+00:00,2023-06-02 12:30:00+00:00,1,Success,1,2026-05-11 13:16:00+00:00,2026-05-11 13:16:00+00:00,False,False,False,False,False,False,False
bls:us_cpi_release:20230613T1230Z,us_cpi_release,2023-05-01 00:00:00+00:00,2023-06-13 12:30:00+00:00,1,Success,1,2026-05-11 13:16:00+00:00,2026-05-11 13:16:00+00:00,False,False,False,False,False,False,False
bls:us_employment_situation:20230707T1230Z,us_employment_situation,2023-06-01 00:00:00+00:00,2023-07-07 12:30:00+00:00,1,Success,1,2026-05-11 13:16:00+00:00,2026-05-11 13:16:00+00:00,False,False,False,False,False,False,False
bls:us_cpi_release:20230712T1230Z,us_cpi_release,2023-06-01 00:00:00+00:00,2023-07-12 12:30:00+00:00,1,Success,1,2026-05-11 13:16:00+00:00,2026-05-11 13:16:00+00:00,False,False,False,False,False,False,False
bls:us_employment_situation:20230804T1230Z,us_employment_situation,2023-07-01 00:00:00+00:00,2023-08-04 12:30:00+00:00,1,Success,1,2026-05-11 13:16:00+00:00,2026-05-11 13:16:00+00:00,False,False,False,False,False,False,False
bls:us_cpi_release:20230810T1230Z,us_cpi_release,2023-07-01 00:00:00+00:00,2023-08-10 12:30:00+00:00,1,Success,1,2026-05-11 13:16:00+00:00,2026-05-11 13:16:00+00:00,False,False,False,False,False,False,False
bls:us_employment_situation:20230901T1230Z,us_employment_situation,2023-08-01 00:00:00+00:00,2023-09-01 12:30:00+00:00,1,Success,1,2026-05-11 13:16:00+00:00,2026-05-11 13:16:00+00:00,False,False,False,False,False,False,False
bls:us_cpi_release:20230913T1230Z,us_cpi_release,2023-08-01 00:00:00+00:00,2023-09-13 12:30:00+00:00,1,Success,1,2026-05-11 13:16:00+00:00,2026-05-11 13:16:00+00:00,False,False,False,False,False,False,False
bls:us_employment_situation:20231006T1230Z,us_employment_situation,2023-09-01 00:00:00+00:00,2023-10-06 12:30:00+00:00,1,Success,1,2026-05-11 13:16:00+00:00,2026-05-11 13:16:00+00:00,False,False,False,False,False,False,False
bls:us_cpi_release:20231012T1230Z,us_cpi_release,2023-09-01 00:00:00+00:00,2023-10-12 12:30:00+00:00,1,Success,1,2026-05-11 13:16:00+00:00,2026-05-11 13:16:00+00:00,False,False,False,False,False,False,False
bls:us_employment_situation:20231103T1230Z,us_employment_situation,2023-10-01 00:00:00+00:00,2023-11-03 12:30:00+00:00,1,Success,1,2026-05-11 13:16:00+00:00,2026-05-11 13:16:00+00:00,False,False,False,False,False,False,False
bls:us_cpi_release:20231114T1330Z,us_cpi_release,2023-10-01 00:00:00+00:00,2023-11-14 13:30:00+00:00,1,Success,1,2026-05-11 13:16:00+00:00,2026-05-11 13:16:00+00:00,False,False,False,False,False,False,False
bls:us_employment_situation:20231208T1330Z,us_employment_situation,2023-11-01 00:00:00+00:00,2023-12-08 13:30:00+00:00,1,Success,1,2026-05-11 13:16:00+00:00,2026-05-11 13:16:00+00:00,False,False,False,False,False,False,False
bls:us_cpi_release:20231212T1330Z,us_cpi_release,2023-11-01 00:00:00+00:00,2023-12-12 13:30:00+00:00,1,Success,1,2026-05-11 13:16:00+00:00,2026-05-11 13:16:00+00:00,False,False,False,False,False,False,False
bls:us_employment_situation:20240105T1330Z,us_employment_situation,2023-12-01 00:00:00+00:00,2024-01-05 13:30:00+00:00,1,Success,1,2026-05-11 13:16:00+00:00,2026-05-11 13:16:00+00:00,False,False,False,False,False,False,False
bls:us_cpi_release:20240111T1330Z,us_cpi_release,2023-12-01 00:00:00+00:00,2024-01-11 13:30:00+00:00,1,Success,1,2026-05-11 13:16:00+00:00,2026-05-11 13:16:00+00:00,False,False,False,False,False,False,False
bls:us_employment_situation:20240202T1330Z,us_employment_situation,2024-01-01 00:00:00+00:00,2024-02-02 13:30:00+00:00,1,Success,1,2026-05-11 13:16:00+00:00,2026-05-11 13:16:00+00:00,False,False,False,False,False,False,False
bls:us_cpi_release:20240213T1330Z,us_cpi_release,2024-01-01 00:00:00+00:00,2024-02-13 13:30:00+00:00,1,Success,1,2026-05-11 13:16:00+00:00,2026-05-11 13:16:00+00:00,False,False,False,False,False,False,False
bls:us_employment_situation:20240308T1330Z,us_employment_situation,2024-02-01 00:00:00+00:00,2024-03-08 13:30:00+00:00,1,Success,1,2026-05-11 13:16:00+00:00,2026-05-11 13:16:00+00:00,False,False,False,False,False,False,False
bls:us_cpi_release:20240312T1230Z,us_cpi_release,2024-02-01 00:00:00+00:00,2024-03-12 12:30:00+00:00,1,Success,1,2026-05-11 13:16:00+00:00,2026-05-11 13:16:00+00:00,False,False,False,False,False,False,False
bls:us_employment_situation:20240405T1230Z,us_employment_situation,2024-03-01 00:00:00+00:00,2024-04-05 12:30:00+00:00,1,Success,1,2026-05-11 13:16:00+00:00,2026-05-11 13:16:00+00:00,False,False,False,False,False,False,False
bls:us_cpi_release:20240410T1230Z,us_cpi_release,2024-03-01 00:00:00+00:00,2024-04-10 12:30:00+00:00,1,Success,1,2026-05-11 13:16:00+00:00,2026-05-11 13:16:00+00:00,False,False,False,False,False,False,False
bls:us_employment_situation:20240503T1230Z,us_employment_situation,2024-04-01 00:00:00+00:00,2024-05-03 12:30:00+00:00,1,Success,1,2026-05-11 13:16:00+00:00,2026-05-11 13:16:00+00:00,False,False,False,False,False,False,False
bls:us_cpi_release:20240515T1230Z,us_cpi_release,2024-04-01 00:00:00+00:00,2024-05-15 12:30:00+00:00,1,Success,1,2026-05-11 13:16:00+00:00,2026-05-11 13:16:00+00:00,False,False,False,False,False,False,False
bls:us_employment_situation:20240607T1230Z,us_employment_situation,2024-05-01 00:00:00+00:00,2024-06-07 12:30:00+00:00,1,Success,1,2026-05-11 13:16:00+00:00,2026-05-11 13:16:00+00:00,False,False,False,False,False,False,False
bls:us_cpi_release:20240612T1230Z,us_cpi_release,2024-05-01 00:00:00+00:00,2024-06-12 12:30:00+00:00,1,Success,1,2026-05-11 13:16:00+00:00,2026-05-11 13:16:00+00:00,False,False,False,False,False,False,False
bls:us_employment_situation:20240705T1230Z,us_employment_situation,2024-06-01 00:00:00+00:00,2024-07-05 12:30:00+00:00,1,Success,1,2026-05-11 13:16:00+00:00,2026-05-11 13:16:00+00:00,False,False,False,False,False,False,False
bls:us_cpi_release:20240711T1230Z,us_cpi_release,2024-06-01 00:00:00+00:00,2024-07-11 12:30:00+00:00,1,Success,1,2026-05-11 13:16:00+00:00,2026-05-11 13:16:00+00:00,False,False,False,False,False,False,False
bls:us_employment_situation:20240802T1230Z,us_employment_situation,2024-07-01 00:00:00+00:00,2024-08-02 12:30:00+00:00,1,Success,1,2026-05-11 13:16:00+00:00,2026-05-11 13:16:00+00:00,False,False,False,False,False,False,False
bls:us_cpi_release:20240814T1230Z,us_cpi_release,2024-07-01 00:00:00+00:00,2024-08-14 12:30:00+00:00,1,Success,1,2026-05-11 13:16:00+00:00,2026-05-11 13:16:00+00:00,False,False,False,False,False,False,False
bls:us_employment_situation:20240906T1230Z,us_employment_situation,2024-08-01 00:00:00+00:00,2024-09-06 12:30:00+00:00,1,Success,1,2026-05-11 13:16:00+00:00,2026-05-11 13:16:00+00:00,False,False,False,False,False,False,False
bls:us_cpi_release:20240911T1230Z,us_cpi_release,2024-08-01 00:00:00+00:00,2024-09-11 12:30:00+00:00,1,Success,1,2026-05-11 13:16:00+00:00,2026-05-11 13:16:00+00:00,False,False,False,False,False,False,False
bls:us_employment_situation:20241004T1230Z,us_employment_situation,2024-09-01 00:00:00+00:00,2024-10-04 12:30:00+00:00,1,Success,1,2026-05-11 13:16:00+00:00,2026-05-11 13:16:00+00:00,False,False,False,False,False,False,False
bls:us_cpi_release:20241010T1230Z,us_cpi_release,2024-09-01 00:00:00+00:00,2024-10-10 12:30:00+00:00,1,Success,1,2026-05-11 13:16:00+00:00,2026-05-11 13:16:00+00:00,False,False,False,False,False,False,False
bls:us_employment_situation:20241101T1230Z,us_employment_situation,2024-10-01 00:00:00+00:00,2024-11-01 12:30:00+00:00,1,Success,1,2026-05-11 13:16:00+00:00,2026-05-11 13:16:00+00:00,False,False,False,False,False,False,False
bls:us_cpi_release:20241113T1330Z,us_cpi_release,2024-10-01 00:00:00+00:00,2024-11-13 13:30:00+00:00,1,Success,1,2026-05-11 13:16:00+00:00,2026-05-11 13:16:00+00:00,False,False,False,False,False,False,False
bls:us_employment_situation:20241206T1330Z,us_employment_situation,2024-11-01 00:00:00+00:00,2024-12-06 13:30:00+00:00,1,Success,1,2026-05-11 13:16:00+00:00,2026-05-11 13:16:00+00:00,False,False,False,False,False,False,False
bls:us_cpi_release:20241211T1330Z,us_cpi_release,2024-11-01 00:00:00+00:00,2024-12-11 13:30:00+00:00,1,Success,1,2026-05-11 13:16:00+00:00,2026-05-11 13:16:00+00:00,False,False,False,False,False,False,False
bls:us_employment_situation:20250110T1330Z,us_employment_situation,2024-12-01 00:00:00+00:00,2025-01-10 13:30:00+00:00,1,Success,1,2026-05-11 13:16:00+00:00,2026-05-11 13:16:00+00:00,False,False,False,False,False,False,False
bls:us_cpi_release:20250115T1330Z,us_cpi_release,2024-12-01 00:00:00+00:00,2025-01-15 13:30:00+00:00,1,Success,1,2026-05-11 13:16:00+00:00,2026-05-11 13:16:00+00:00,False,False,False,False,False,False,False
bls:us_employment_situation:20250207T1330Z,us_employment_situation,2025-01-01 00:00:00+00:00,2025-02-07 13:30:00+00:00,1,Success,1,2026-05-11 13:16:00+00:00,2026-05-11 13:16:00+00:00,False,False,False,False,False,False,False
bls:us_cpi_release:20250212T1330Z,us_cpi_release,2025-01-01 00:00:00+00:00,2025-02-12 13:30:00+00:00,1,Success,1,2026-05-11 13:16:00+00:00,2026-05-11 13:16:00+00:00,False,False,False,False,False,False,False
bls:us_employment_situation:20250307T1330Z,us_employment_situation,2025-02-01 00:00:00+00:00,2025-03-07 13:30:00+00:00,1,Success,1,2026-05-11 13:16:00+00:00,2026-05-11 13:16:00+00:00,False,False,False,False,False,False,False
bls:us_cpi_release:20250312T1230Z,us_cpi_release,2025-02-01 00:00:00+00:00,2025-03-12 12:30:00+00:00,1,Success,1,2026-05-11 13:16:00+00:00,2026-05-11 13:16:00+00:00,False,False,False,False,False,False,False
bls:us_employment_situation:20250404T1230Z,us_employment_situation,2025-03-01 00:00:00+00:00,2025-04-04 12:30:00+00:00,1,Success,1,2026-05-11 13:16:00+00:00,2026-05-11 13:16:00+00:00,False,False,False,False,False,False,False
bls:us_cpi_release:20250410T1230Z,us_cpi_release,2025-03-01 00:00:00+00:00,2025-04-10 12:30:00+00:00,1,Success,1,2026-05-11 13:16:00+00:00,2026-05-11 13:16:00+00:00,False,False,False,False,False,False,False
bls:us_employment_situation:20250502T1230Z,us_employment_situation,2025-04-01 00:00:00+00:00,2025-05-02 12:30:00+00:00,1,Success,1,2026-05-11 13:16:00+00:00,2026-05-11 13:16:00+00:00,False,False,False,False,False,False,False
bls:us_cpi_release:20250513T1230Z,us_cpi_release,2025-04-01 00:00:00+00:00,2025-05-13 12:30:00+00:00,1,Success,1,2026-05-11 13:16:00+00:00,2026-05-11 13:16:00+00:00,False,False,False,False,False,False,False
bls:us_employment_situation:20250606T1230Z,us_employment_situation,2025-05-01 00:00:00+00:00,2025-06-06 12:30:00+00:00,1,Success,1,2026-05-11 13:16:00+00:00,2026-05-11 13:16:00+00:00,False,False,False,False,False,False,False
bls:us_cpi_release:20250611T1230Z,us_cpi_release,2025-05-01 00:00:00+00:00,2025-06-11 12:30:00+00:00,1,Success,1,2026-05-11 13:16:00+00:00,2026-05-11 13:16:00+00:00,False,False,False,False,False,False,False
bls:us_employment_situation:20250703T1230Z,us_employment_situation,2025-06-01 00:00:00+00:00,2025-07-03 12:30:00+00:00,1,Success,1,2026-05-11 13:16:00+00:00,2026-05-11 13:16:00+00:00,False,False,False,False,False,False,False
bls:us_cpi_release:20250715T1230Z,us_cpi_release,2025-06-01 00:00:00+00:00,2025-07-15 12:30:00+00:00,1,Success,1,2026-05-11 13:16:00+00:00,2026-05-11 13:16:00+00:00,False,False,False,False,False,False,False
bls:us_employment_situation:20250801T1230Z,us_employment_situation,2025-07-01 00:00:00+00:00,2025-08-01 12:30:00+00:00,1,Success,1,2026-05-11 13:16:00+00:00,2026-05-11 13:16:00+00:00,False,False,False,False,False,False,False
bls:us_cpi_release:20250812T1230Z,us_cpi_release,2025-07-01 00:00:00+00:00,2025-08-12 12:30:00+00:00,1,Success,1,2026-05-11 13:16:00+00:00,2026-05-11 13:16:00+00:00,False,False,False,False,False,False,False
bls:us_employment_situation:20250905T1230Z,us_employment_situation,2025-08-01 00:00:00+00:00,2025-09-05 12:30:00+00:00,1,Success,1,2026-05-11 13:16:00+00:00,2026-05-11 13:16:00+00:00,False,False,False,False,False,False,False
bls:us_cpi_release:20250911T1230Z,us_cpi_release,2025-08-01 00:00:00+00:00,2025-09-11 12:30:00+00:00,1,Success,1,2026-05-11 13:16:00+00:00,2026-05-11 13:16:00+00:00,False,False,False,False,False,False,False
bls:us_cpi_release:20251024T1230Z,us_cpi_release,2025-09-01 00:00:00+00:00,2025-10-24 12:30:00+00:00,1,Success,1,2026-05-11 13:16:00+00:00,2026-05-11 13:16:00+00:00,False,False,False,False,False,False,False
bls:us_employment_situation:20251216T1330Z,us_employment_situation,2025-11-01 00:00:00+00:00,2025-12-16 13:30:00+00:00,1,Success,1,2026-05-11 13:16:00+00:00,2026-05-11 13:16:00+00:00,False,False,False,False,False,False,False
bls:us_cpi_release:20251218T1330Z,us_cpi_release,2025-11-01 00:00:00+00:00,2025-12-18 13:30:00+00:00,1,Success,1,2026-05-11 13:16:00+00:00,2026-05-11 13:16:00+00:00,False,False,False,False,False,False,False
bls:us_employment_situation:20260109T1330Z,us_employment_situation,2025-12-01 00:00:00+00:00,2026-01-09 13:30:00+00:00,1,Success,1,2026-05-11 13:16:00+00:00,2026-05-11 13:16:00+00:00,False,False,False,False,False,False,False
bls:us_cpi_release:20260113T1330Z,us_cpi_release,2025-12-01 00:00:00+00:00,2026-01-13 13:30:00+00:00,1,Success,1,2026-05-11 13:16:00+00:00,2026-05-11 13:16:00+00:00,False,False,False,False,False,False,False
bls:us_employment_situation:20260211T1330Z,us_employment_situation,2026-01-01 00:00:00+00:00,2026-02-11 13:30:00+00:00,1,Success,1,2026-05-11 13:16:00+00:00,2026-05-11 13:16:00+00:00,False,False,False,False,False,False,False
bls:us_cpi_release:20260213T1330Z,us_cpi_release,2026-01-01 00:00:00+00:00,2026-02-13 13:30:00+00:00,1,Success,1,2026-05-11 13:16:00+00:00,2026-05-11 13:16:00+00:00,False,False,False,False,False,False,False
bls:us_employment_situation:20260306T1330Z,us_employment_situation,2026-02-01 00:00:00+00:00,2026-03-06 13:30:00+00:00,1,Success,1,2026-05-11 13:16:00+00:00,2026-05-11 13:16:00+00:00,False,False,False,False,False,False,False
bls:us_cpi_release:20260311T1230Z,us_cpi_release,2026-02-01 00:00:00+00:00,2026-03-11 12:30:00+00:00,1,Success,1,2026-05-11 13:16:00+00:00,2026-05-11 13:16:00+00:00,False,False,False,False,False,False,False
bls:us_employment_situation:20260403T1230Z,us_employment_situation,2026-03-01 00:00:00+00:00,2026-04-03 12:30:00+00:00,1,Success,1,2026-05-11 13:16:00+00:00,2026-05-11 13:16:00+00:00,False,False,False,False,False,False,False
bls:us_cpi_release:20260410T1230Z,us_cpi_release,2026-03-01 00:00:00+00:00,2026-04-10 12:30:00+00:00,1,Success,1,2026-05-11 13:16:00+00:00,2026-05-11 13:16:00+00:00,False,False,False,False,False,False,False
bls:us_employment_situation:20260508T1230Z,us_employment_situation,2026-04-01 00:00:00+00:00,2026-05-08 12:30:00+00:00,1,Success,1,2026-05-11 13:16:00+00:00,2026-05-11 13:16:00+00:00,False,False,False,False,False,False,False
bls:us_cpi_release:20260512T1230Z,us_cpi_release,2026-04-01 00:00:00+00:00,2026-05-12 12:30:00+00:00,1,Success,261,2026-05-12 12:20:00+00:00,2026-05-12 16:40:00+00:00,True,True,True,True,True,True,True
bls:us_employment_situation:20260605T1230Z,us_employment_situation,2026-05-01 00:00:00+00:00,2026-06-05 12:30:00+00:00,1,Success,261,2026-06-05 12:20:00+00:00,2026-06-05 16:40:00+00:00,True,True,True,True,True,True,True
bls:us_cpi_release:20260610T1230Z,us_cpi_release,2026-05-01 00:00:00+00:00,2026-06-10 12:30:00+00:00,1,Success,261,2026-06-10 12:20:00+00:00,2026-06-10 16:40:00+00:00,True,True,True,True,True,True,True
bls:us_employment_situation:20260702T1230Z,us_employment_situation,2026-06-01 00:00:00+00:00,2026-07-02 12:30:00+00:00,1,Success,261,2026-07-02 12:20:00+00:00,2026-07-02 16:40:00+00:00,True,True,True,True,True,True,True
bls:us_cpi_release:20260714T1230Z,us_cpi_release,2026-06-01 00:00:00+00:00,2026-07-14 12:30:00+00:00,1,Success,261,2026-07-14 12:20:00+00:00,2026-07-14 16:40:00+00:00,True,True,True,True,True,True,True
bls:us_employment_situation:20260807T1230Z,us_employment_situation,2026-07-01 00:00:00+00:00,2026-08-07 12:30:00+00:00,1,Success,261,2026-08-07 12:20:00+00:00,2026-08-07 16:40:00+00:00,True,True,True,True,True,True,True
bls:us_cpi_release:20260812T1230Z,us_cpi_release,2026-07-01 00:00:00+00:00,2026-08-12 12:30:00+00:00,1,Success,261,2026-08-12 12:20:00+00:00,2026-08-12 16:40:00+00:00,True,True,True,True,True,True,True
