rank,feature,mean_importance,std_importance,folds
1,price_vs_ma_24h,0.05470621089140574,0.002718725555836505,6
2,hour_of_day,0.05434719162682692,0.0010575787597949043,6
3,volatility_72h,0.05422457059224447,0.003242936348558944,6
4,price_vs_ma_12h,0.05418735990921656,0.001989745671045925,6
5,volatility_24h,0.053135259076952934,0.0007988056176250429,6
6,price_vs_ma_72h,0.05297879998882612,0.0017146404667772379,6
7,rsi_14h,0.0521624522904555,0.003300908939868841,6
8,price_vs_ma_6h,0.05106068650881449,0.0027497568339866444,6
9,tick_volume,0.050329829255739846,0.000561389160428891,6
10,return_12h,0.04973232621947924,0.00433526766046208,6
11,volatility_12h,0.04970507137477398,0.0011036187493910401,6
12,momentum_12h,0.049542734399437904,0.0027978709361465774,6
13,momentum_6h,0.04897717324395975,0.004306675067698542,6
14,momentum_3h,0.04880374607940515,0.0040253388569809765,6
15,volatility_6h,0.048357043415308,0.0012764424247583,6
16,day_of_week,0.04808660441388687,0.00869199227712288,6
17,return_6h,0.045152402793367706,0.0030957349204670474,6
18,spread_points,0.04504544163743655,0.002252788910251568,6
19,return_1h,0.04503640408317248,0.0017347988663864507,6
20,return_3h,0.044428665190935135,0.00218040463570745,6
