test_year,model,horizon_hours,embargo_hours,train_start,train_end,test_start,test_end,train_samples,test_samples,class_0_count,class_1_count,class_1_rate,accuracy,balanced_accuracy,roc_auc,precision,recall,f1,brier_score,calibration_error
2021,price_logistic,4,24,2016-01-07T01:00:00+00:00,2020-12-31T17:00:00+00:00,2021-01-07T01:00:00+00:00,2021-12-31T19:00:00+00:00,11102,2237,1135,1102,0.49262405006705406,0.48681269557443,0.48784868520991065,0.4839770701248031,0.48197492163009403,0.558076225045372,0.5172413793103449,0.25117808623913684,0.029635371739647254
2021,price_xgboost,4,24,2016-01-07T01:00:00+00:00,2020-12-31T17:00:00+00:00,2021-01-07T01:00:00+00:00,2021-12-31T19:00:00+00:00,11102,2237,1135,1102,0.49262405006705406,0.48636566830576666,0.4852974567666318,0.4882856160605067,0.4754440961337513,0.4128856624319419,0.4419621175327829,0.25362169654852534,0.05633546507246645
2021,price_macro_logistic,4,24,2016-01-07T01:00:00+00:00,2020-12-31T17:00:00+00:00,2021-01-07T01:00:00+00:00,2021-12-31T19:00:00+00:00,11102,2237,1135,1102,0.49262405006705406,0.5073759499329459,0.5077436299239668,0.49399090160461157,0.5,0.5326678765880217,0.515817223198594,0.2642803108070175,0.08882357497749446
2021,price_macro_xgboost,4,24,2016-01-07T01:00:00+00:00,2020-12-31T17:00:00+00:00,2021-01-07T01:00:00+00:00,2021-12-31T19:00:00+00:00,11102,2237,1135,1102,0.49262405006705406,0.47831917746982566,0.4786871287287031,0.4850012392366302,0.4723404255319149,0.5036297640653358,0.4874835309617918,0.25945897420777336,0.08719137341623387
2022,price_logistic,4,24,2016-01-07T01:00:00+00:00,2021-12-31T20:00:00+00:00,2022-01-06T01:00:00+00:00,2022-12-30T20:00:00+00:00,13340,2276,1159,1117,0.4907732864674868,0.5017574692442882,0.5050753010768552,0.5236601490959004,0.4945054945054945,0.684870188003581,0.5743243243243243,0.2504541441041419,0.0272246277341519
2022,price_xgboost,4,24,2016-01-07T01:00:00+00:00,2021-12-31T20:00:00+00:00,2022-01-06T01:00:00+00:00,2022-12-30T20:00:00+00:00,13340,2276,1159,1117,0.4907732864674868,0.5057117750439367,0.5068654251535026,0.5064042799221073,0.496875,0.5693822739480752,0.5306633291614519,0.2546132198571963,0.04680838840498025
2022,price_macro_logistic,4,24,2016-01-07T01:00:00+00:00,2021-12-31T20:00:00+00:00,2022-01-06T01:00:00+00:00,2022-12-30T20:00:00+00:00,13340,2276,1159,1117,0.4907732864674868,0.5136203866432337,0.5128301880962736,0.5089374889444873,0.5048076923076923,0.4700089525514772,0.48678720445062584,0.3105671609507335,0.1473463153596055
2022,price_macro_xgboost,4,24,2016-01-07T01:00:00+00:00,2021-12-31T20:00:00+00:00,2022-01-06T01:00:00+00:00,2022-12-30T20:00:00+00:00,13340,2276,1159,1117,0.4907732864674868,0.5109841827768014,0.5087169580172455,0.4928147856910574,0.5023310023310024,0.38585496866606983,0.43645569620253166,0.2687211857902248,0.09578327737054633
2023,price_logistic,4,24,2016-01-07T01:00:00+00:00,2022-12-30T20:00:00+00:00,2023-01-05T08:00:00+00:00,2023-12-29T20:00:00+00:00,15616,2253,1127,1126,0.4997780736795384,0.5241899689303151,0.5241804189433901,0.5273569308795415,0.5250463821892394,0.5026642984014209,0.5136116152450091,0.24926579258373588,0.002199337212747981
2023,price_xgboost,4,24,2016-01-07T01:00:00+00:00,2022-12-30T20:00:00+00:00,2023-01-05T08:00:00+00:00,2023-12-29T20:00:00+00:00,15616,2253,1127,1126,0.4997780736795384,0.5077674212161563,0.5077982540610653,0.5198955557201643,0.5066250974279034,0.5772646536412078,0.5396430053964301,0.2507623081075384,0.029925190166955083
2023,price_macro_logistic,4,24,2016-01-07T01:00:00+00:00,2022-12-30T20:00:00+00:00,2023-01-05T08:00:00+00:00,2023-12-29T20:00:00+00:00,15616,2253,1127,1126,0.4997780736795384,0.49533954727030627,0.49545430188447304,0.4970669864980512,0.4967817437097718,0.7539964476021315,0.5989417989417989,0.2592935795059553,0.0757368860251997
2023,price_macro_xgboost,4,24,2016-01-07T01:00:00+00:00,2022-12-30T20:00:00+00:00,2023-01-05T08:00:00+00:00,2023-12-29T20:00:00+00:00,15616,2253,1127,1126,0.4997780736795384,0.519751442521083,0.5197592281178438,0.5314514870740945,0.5188679245283019,0.5373001776198935,0.5279232111692844,0.25236352796555067,0.04230811158868929
2024,price_logistic,4,24,2016-01-07T01:00:00+00:00,2023-12-29T20:00:00+00:00,2024-01-05T01:00:00+00:00,2024-12-20T20:00:00+00:00,17869,2172,1076,1096,0.5046040515653776,0.5027624309392266,0.5032714433017664,0.5016696401921146,0.5082815734989649,0.44799270072992703,0.47623666343355964,0.25099383155454813,0.024842647538683635
2024,price_xgboost,4,24,2016-01-07T01:00:00+00:00,2023-12-29T20:00:00+00:00,2024-01-05T01:00:00+00:00,2024-12-20T20:00:00+00:00,17869,2172,1076,1096,0.5046040515653776,0.5115101289134438,0.5119223672428297,0.5105503622500204,0.5176946410515673,0.46715328467153283,0.49112709832134294,0.25259344220943686,0.02965430927704712
2024,price_macro_logistic,4,24,2016-01-07T01:00:00+00:00,2023-12-29T20:00:00+00:00,2024-01-05T01:00:00+00:00,2024-12-20T20:00:00+00:00,17869,2172,1076,1096,0.5046040515653776,0.5082872928176796,0.5054388380864516,0.4985143678940656,0.5079635949943118,0.8147810218978102,0.6257883672039243,0.25212761292370106,0.032935404943178405
2024,price_macro_xgboost,4,24,2016-01-07T01:00:00+00:00,2023-12-29T20:00:00+00:00,2024-01-05T01:00:00+00:00,2024-12-20T20:00:00+00:00,17869,2172,1076,1096,0.5046040515653776,0.5041436464088398,0.5056236941361626,0.5047354523376659,0.5128900949796472,0.3448905109489051,0.41243862520458263,0.2516436489699089,0.037174822820923395
2025,price_logistic,4,24,2016-01-07T01:00:00+00:00,2024-12-20T20:00:00+00:00,2025-01-10T08:00:00+00:00,2025-12-19T20:00:00+00:00,20041,2094,1029,1065,0.5085959885386819,0.5334288443170965,0.5321493587374588,0.5422120021717607,0.5365448504983389,0.6065727699530516,0.5694138386954606,0.24898570229323427,0.015858163278679817
2025,price_xgboost,4,24,2016-01-07T01:00:00+00:00,2024-12-20T20:00:00+00:00,2025-01-10T08:00:00+00:00,2025-12-19T20:00:00+00:00,20041,2094,1029,1065,0.5085959885386819,0.5234001910219676,0.5237520360256779,0.5298899975818631,0.5333333333333333,0.5032863849765258,0.5178743961352656,0.25024390878453723,0.01501029976060987
2025,price_macro_logistic,4,24,2016-01-07T01:00:00+00:00,2024-12-20T20:00:00+00:00,2025-01-10T08:00:00+00:00,2025-12-19T20:00:00+00:00,20041,2094,1029,1065,0.5085959885386819,0.502865329512894,0.5067835584938201,0.5198401292106379,0.5210526315789473,0.27887323943661974,0.363302752293578,0.290251488379325,0.13562763178008522
2025,price_macro_xgboost,4,24,2016-01-07T01:00:00+00:00,2024-12-20T20:00:00+00:00,2025-01-10T08:00:00+00:00,2025-12-19T20:00:00+00:00,20041,2094,1029,1065,0.5085959885386819,0.5224450811843362,0.5204314321301962,0.5497054891708528,0.5251353441608662,0.6375586854460094,0.5759117896522477,0.2498492202951484,0.04127092621046353
2026,price_logistic,4,24,2016-01-07T01:00:00+00:00,2025-12-19T20:00:00+00:00,2026-01-08T01:00:00+00:00,2026-08-14T20:00:00+00:00,22135,1380,718,662,0.4797101449275362,0.4905797101449275,0.4818752156460123,0.4970230330979811,0.4481012658227848,0.2673716012084592,0.33491012298959316,0.24997662101979842,0.03329590349278248
2026,price_xgboost,4,24,2016-01-07T01:00:00+00:00,2025-12-19T20:00:00+00:00,2026-01-08T01:00:00+00:00,2026-08-14T20:00:00+00:00,22135,1380,718,662,0.4797101449275362,0.5217391304347826,0.5166499760159557,0.5185992055811292,0.501937984496124,0.39123867069486407,0.4397283531409168,0.24990289050575476,0.015451178645742138
2026,price_macro_logistic,4,24,2016-01-07T01:00:00+00:00,2025-12-19T20:00:00+00:00,2026-01-08T01:00:00+00:00,2026-08-14T20:00:00+00:00,22135,1380,718,662,0.4797101449275362,0.4797101449275362,0.46742377702412713,0.45537074283213697,0.3978102189781022,0.1646525679758308,0.2329059829059829,0.28781587553178994,0.12976626932783128
2026,price_macro_xgboost,4,24,2016-01-07T01:00:00+00:00,2025-12-19T20:00:00+00:00,2026-01-08T01:00:00+00:00,2026-08-14T20:00:00+00:00,22135,1380,718,662,0.4797101449275362,0.5123188405797101,0.5143714918075554,0.5175588450630738,0.4927536231884058,0.5649546827794562,0.5263898662913441,0.25173476805286793,0.031236904794755202
