test_year,model,horizon_hours,embargo_hours,train_start,train_end,test_start,test_end,train_samples,test_samples,class_0_count,class_1_count,class_0_rate,class_1_rate,accuracy,balanced_accuracy,roc_auc,precision,recall,f1,brier_score,calibration_error
2021,random,4,24,2016-01-07T01:00:00+00:00,2020-12-31T17:00:00+00:00,2021-01-07T01:00:00+00:00,2021-12-31T19:00:00+00:00,11102,2237,1135,1102,0.5073759499329459,0.49262405006705406,0.4814483683504694,0.4813223054598368,0.48723106566355123,0.47363636363636363,0.4727767695099819,0.4732061762034514,0.34331251668268353,0.2750532094685276
2021,majority,4,24,2016-01-07T01:00:00+00:00,2020-12-31T17:00:00+00:00,2021-01-07T01:00:00+00:00,2021-12-31T19:00:00+00:00,11102,2237,1135,1102,0.5073759499329459,0.49262405006705406,0.49262405006705406,0.5,0.5,0.49262405006705406,1.0,0.6600778676250374,0.25002175690115436,0.008727057841430852
2021,previous_direction,4,24,2016-01-07T01:00:00+00:00,2020-12-31T17:00:00+00:00,2021-01-07T01:00:00+00:00,2021-12-31T19:00:00+00:00,11102,2237,1135,1102,0.5073759499329459,0.49262405006705406,0.478766204738489,0.47871870927508653,0.4787187092750866,0.4712230215827338,0.47549909255898365,0.47335140018066846,0.5212337952615109,0.5212337952615109
2021,logistic_regression,4,24,2016-01-07T01:00:00+00:00,2020-12-31T17:00:00+00:00,2021-01-07T01:00:00+00:00,2021-12-31T19:00:00+00:00,11102,2237,1135,1102,0.5073759499329459,0.49262405006705406,0.48681269557443,0.48784868520991065,0.4839770701248031,0.48197492163009403,0.558076225045372,0.5172413793103449,0.25117808623913684,0.029635371739647254
2021,xgboost,4,24,2016-01-07T01:00:00+00:00,2020-12-31T17:00:00+00:00,2021-01-07T01:00:00+00:00,2021-12-31T19:00:00+00:00,11102,2237,1135,1102,0.5073759499329459,0.49262405006705406,0.48636566830576666,0.4852974567666318,0.4882856160605067,0.4754440961337513,0.4128856624319419,0.4419621175327829,0.25362169654852534,0.05633546507246645
2022,random,4,24,2016-01-07T01:00:00+00:00,2021-12-31T20:00:00+00:00,2022-01-06T01:00:00+00:00,2022-12-30T20:00:00+00:00,13340,2276,1159,1117,0.5092267135325131,0.4907732864674868,0.4929701230228471,0.49299206011418173,0.4802893242175401,0.48378615249780893,0.4941808415398389,0.48892825509300264,0.34095440922240466,0.25505590095164143
2022,majority,4,24,2016-01-07T01:00:00+00:00,2021-12-31T20:00:00+00:00,2022-01-06T01:00:00+00:00,2022-12-30T20:00:00+00:00,13340,2276,1159,1117,0.5092267135325131,0.4907732864674868,0.5092267135325131,0.5,0.5,0.0,0.0,0.0,0.24999725584677246,0.009076788495031851
2022,previous_direction,4,24,2016-01-07T01:00:00+00:00,2021-12-31T20:00:00+00:00,2022-01-06T01:00:00+00:00,2022-12-30T20:00:00+00:00,13340,2276,1159,1117,0.5092267135325131,0.4907732864674868,0.515817223198594,0.5155225192587998,0.5155225192587999,0.5068119891008175,0.4995523724261415,0.503155996393147,0.484182776801406,0.484182776801406
2022,logistic_regression,4,24,2016-01-07T01:00:00+00:00,2021-12-31T20:00:00+00:00,2022-01-06T01:00:00+00:00,2022-12-30T20:00:00+00:00,13340,2276,1159,1117,0.5092267135325131,0.4907732864674868,0.5017574692442882,0.5050753010768552,0.5236601490959004,0.4945054945054945,0.684870188003581,0.5743243243243243,0.2504541441041419,0.0272246277341519
2022,xgboost,4,24,2016-01-07T01:00:00+00:00,2021-12-31T20:00:00+00:00,2022-01-06T01:00:00+00:00,2022-12-30T20:00:00+00:00,13340,2276,1159,1117,0.5092267135325131,0.4907732864674868,0.5057117750439367,0.5068654251535026,0.5064042799221073,0.496875,0.5693822739480752,0.5306633291614519,0.2546132198571963,0.04680838840498025
2023,random,4,24,2016-01-07T01:00:00+00:00,2022-12-30T20:00:00+00:00,2023-01-05T08:00:00+00:00,2023-12-29T20:00:00+00:00,15616,2253,1127,1126,0.5002219263204616,0.4997780736795384,0.5090989791389259,0.5090910022206426,0.5172876008075638,0.509208103130755,0.4911190053285968,0.5,0.3250778800061556,0.24203700777940027
2023,majority,4,24,2016-01-07T01:00:00+00:00,2022-12-30T20:00:00+00:00,2023-01-05T08:00:00+00:00,2023-12-29T20:00:00+00:00,15616,2253,1127,1126,0.5002219263204616,0.4997780736795384,0.5002219263204616,0.5,0.5,0.0,0.0,0.0,0.2500015155546589,0.0012509220401941135
2023,previous_direction,4,24,2016-01-07T01:00:00+00:00,2022-12-30T20:00:00+00:00,2023-01-05T08:00:00+00:00,2023-12-29T20:00:00+00:00,15616,2253,1127,1126,0.5002219263204616,0.4997780736795384,0.5077674212161563,0.5077702793218608,0.5077702793218609,0.5074496056091148,0.5142095914742452,0.5108072342302603,0.49223257878384374,0.4922325787838438
2023,logistic_regression,4,24,2016-01-07T01:00:00+00:00,2022-12-30T20:00:00+00:00,2023-01-05T08:00:00+00:00,2023-12-29T20:00:00+00:00,15616,2253,1127,1126,0.5002219263204616,0.4997780736795384,0.5241899689303151,0.5241804189433901,0.5273569308795415,0.5250463821892394,0.5026642984014209,0.5136116152450091,0.24926579258373588,0.002199337212747981
2023,xgboost,4,24,2016-01-07T01:00:00+00:00,2022-12-30T20:00:00+00:00,2023-01-05T08:00:00+00:00,2023-12-29T20:00:00+00:00,15616,2253,1127,1126,0.5002219263204616,0.4997780736795384,0.5077674212161563,0.5077982540610653,0.5198955557201643,0.5066250974279034,0.5772646536412078,0.5396430053964301,0.2507623081075384,0.029925190166955083
2024,random,4,24,2016-01-07T01:00:00+00:00,2023-12-29T20:00:00+00:00,2024-01-05T01:00:00+00:00,2024-12-20T20:00:00+00:00,17869,2172,1076,1096,0.4953959484346225,0.5046040515653776,0.5050644567219152,0.5051200037988767,0.498634778715437,0.5097856477166822,0.4990875912408759,0.5043798985707699,0.33136419117648847,0.239384804743504
2024,majority,4,24,2016-01-07T01:00:00+00:00,2023-12-29T20:00:00+00:00,2024-01-05T01:00:00+00:00,2024-12-20T20:00:00+00:00,17869,2172,1076,1096,0.4953959484346225,0.5046040515653776,0.4953959484346225,0.5,0.5,0.0,0.0,0.0,0.25001383938118166,0.005919178321211638
2024,previous_direction,4,24,2016-01-07T01:00:00+00:00,2023-12-29T20:00:00+00:00,2024-01-05T01:00:00+00:00,2024-12-20T20:00:00+00:00,17869,2172,1076,1096,0.4953959484346225,0.5046040515653776,0.4958563535911602,0.49579240496024746,0.4957924049602474,0.5004541326067211,0.5027372262773723,0.5015930814747382,0.5041436464088398,0.5041436464088398
2024,logistic_regression,4,24,2016-01-07T01:00:00+00:00,2023-12-29T20:00:00+00:00,2024-01-05T01:00:00+00:00,2024-12-20T20:00:00+00:00,17869,2172,1076,1096,0.4953959484346225,0.5046040515653776,0.5027624309392266,0.5032714433017664,0.5016696401921146,0.5082815734989649,0.44799270072992703,0.47623666343355964,0.25099383155454813,0.024842647538683635
2024,xgboost,4,24,2016-01-07T01:00:00+00:00,2023-12-29T20:00:00+00:00,2024-01-05T01:00:00+00:00,2024-12-20T20:00:00+00:00,17869,2172,1076,1096,0.4953959484346225,0.5046040515653776,0.5115101289134438,0.5119223672428297,0.5105503622500204,0.5176946410515673,0.46715328467153283,0.49112709832134294,0.25259344220943686,0.02965430927704712
2025,random,4,24,2016-01-07T01:00:00+00:00,2024-12-20T20:00:00+00:00,2025-01-10T08:00:00+00:00,2025-12-19T20:00:00+00:00,20041,2094,1029,1065,0.49140401146131807,0.5085959885386819,0.505730659025788,0.5059540918983287,0.5080752086213426,0.5147058823529411,0.49295774647887325,0.5035971223021583,0.3299088921141494,0.24453195294671726
2025,majority,4,24,2016-01-07T01:00:00+00:00,2024-12-20T20:00:00+00:00,2025-01-10T08:00:00+00:00,2025-12-19T20:00:00+00:00,20041,2094,1029,1065,0.49140401146131807,0.5085959885386819,0.49140401146131807,0.5,0.5,0.0,0.0,0.0,0.25001203460646354,0.009269607619566078
2025,previous_direction,4,24,2016-01-07T01:00:00+00:00,2024-12-20T20:00:00+00:00,2025-01-10T08:00:00+00:00,2025-12-19T20:00:00+00:00,20041,2094,1029,1065,0.49140401146131807,0.5085959885386819,0.48615090735434574,0.4861139626876908,0.48611396268769075,0.49476688867745006,0.48826291079812206,0.4914933837429111,0.5138490926456543,0.5138490926456543
2025,logistic_regression,4,24,2016-01-07T01:00:00+00:00,2024-12-20T20:00:00+00:00,2025-01-10T08:00:00+00:00,2025-12-19T20:00:00+00:00,20041,2094,1029,1065,0.49140401146131807,0.5085959885386819,0.5334288443170965,0.5321493587374588,0.5422120021717607,0.5365448504983389,0.6065727699530516,0.5694138386954606,0.24898570229323427,0.015858163278679817
2025,xgboost,4,24,2016-01-07T01:00:00+00:00,2024-12-20T20:00:00+00:00,2025-01-10T08:00:00+00:00,2025-12-19T20:00:00+00:00,20041,2094,1029,1065,0.49140401146131807,0.5085959885386819,0.5234001910219676,0.5237520360256779,0.5298899975818631,0.5333333333333333,0.5032863849765258,0.5178743961352656,0.25024390878453723,0.01501029976060987
2026,random,4,24,2016-01-07T01:00:00+00:00,2025-12-19T20:00:00+00:00,2026-01-08T01:00:00+00:00,2026-08-14T20:00:00+00:00,22135,1380,718,662,0.5202898550724637,0.4797101449275362,0.5115942028985507,0.5114366021762364,0.4930256923814894,0.49122807017543857,0.5075528700906344,0.49925705794947994,0.3367529770788234,0.25160775036243815
2026,majority,4,24,2016-01-07T01:00:00+00:00,2025-12-19T20:00:00+00:00,2026-01-08T01:00:00+00:00,2026-08-14T20:00:00+00:00,22135,1380,718,662,0.5202898550724637,0.4797101449275362,0.4797101449275362,0.5,0.5,0.4797101449275362,1.0,0.6483839373163565,0.2500082911017123,0.020493153016895638
2026,previous_direction,4,24,2016-01-07T01:00:00+00:00,2025-12-19T20:00:00+00:00,2026-01-08T01:00:00+00:00,2026-08-14T20:00:00+00:00,22135,1380,718,662,0.5202898550724637,0.4797101449275362,0.48768115942028983,0.48739575356184095,0.48739575356184095,0.4669603524229075,0.48036253776435045,0.47356664184661207,0.5123188405797101,0.5123188405797101
2026,logistic_regression,4,24,2016-01-07T01:00:00+00:00,2025-12-19T20:00:00+00:00,2026-01-08T01:00:00+00:00,2026-08-14T20:00:00+00:00,22135,1380,718,662,0.5202898550724637,0.4797101449275362,0.4905797101449275,0.4818752156460123,0.4970230330979811,0.4481012658227848,0.2673716012084592,0.33491012298959316,0.24997662101979842,0.03329590349278248
2026,xgboost,4,24,2016-01-07T01:00:00+00:00,2025-12-19T20:00:00+00:00,2026-01-08T01:00:00+00:00,2026-08-14T20:00:00+00:00,22135,1380,718,662,0.5202898550724637,0.4797101449275362,0.5217391304347826,0.5166499760159557,0.5185992055811292,0.501937984496124,0.39123867069486407,0.4397283531409168,0.24990289050575476,0.015451178645742138
