test_year,horizon_hours,algorithm,accuracy_improvement,balanced_accuracy_improvement,roc_auc_improvement,brier_score_improvement
2021,1,logistic,0.0029288702928870203,0.002904729358774727,-0.00039215246887991384,1.9381536248141984e-06
2022,1,logistic,-0.01891447368421051,-0.023866046340352276,-0.023819339099308445,-0.034359619187092655
2023,1,logistic,-0.022000830220008316,-0.023255333052102256,-0.0039117320253327925,-0.0004515153526105653
2024,1,logistic,-0.0025839793281653423,-0.0029356515855635257,-0.00046368012155095784,7.498304052802607e-05
2025,1,logistic,-0.04144385026737962,-0.03707352417755638,-0.02290480246097537,-0.07671036155581626
2026,1,logistic,-0.025067750677506717,-0.021466474595953244,-0.0221904145934545,-0.014433098835538727
2021,1,xgboost,0.001255230125523088,0.0012814982465182423,0.0016862556161836295,4.800677904653883e-05
2022,1,xgboost,0.00041118421052621645,0.00029885865102718956,0.007345559799822432,0.0007339677003659895
2023,1,xgboost,0.00498132004981322,0.004919476910096976,0.004690976616458564,0.0005479956268304997
2024,1,xgboost,-0.011197243755383335,-0.011217349500560858,-0.004010647579367199,-0.000566010326016414
2025,1,xgboost,-0.03208556149732622,-0.02682952407586303,-0.006269226369044589,-0.004173144313093513
2026,1,xgboost,0.007452574525745215,0.008431879818610821,0.008531100021313964,0.00037052512599336507
