test_year,model,bin,bin_lower,bin_upper,sample_count,mean_predicted_probability,observed_positive_rate
2021,random,1,0.0,0.1,227,0.052942657139600495,0.5198237885462555
2021,random,2,0.1,0.2,230,0.1505075017681916,0.5217391304347826
2021,random,3,0.2,0.30000000000000004,242,0.24982398091067848,0.47520661157024796
2021,random,4,0.30000000000000004,0.4,210,0.35044445892549714,0.4714285714285714
2021,random,5,0.4,0.5,228,0.44976613653369274,0.5657894736842105
2021,random,6,0.5,0.6000000000000001,205,0.5487737908304721,0.4634146341463415
2021,random,7,0.6000000000000001,0.7000000000000001,201,0.6519746413176951,0.4427860696517413
2021,random,8,0.7000000000000001,0.8,200,0.7506556205242205,0.49
2021,random,9,0.8,0.9,255,0.8509531219855017,0.49411764705882355
2021,random,10,0.9,1.0,239,0.9533742962620908,0.47280334728033474
2021,majority,6,0.5,0.6000000000000001,2237,0.5013511079084849,0.49262405006705406
2021,previous_direction,1,0.0,0.1,1125,0.0,0.5137777777777778
2021,previous_direction,10,0.9,1.0,1112,1.0,0.4712230215827338
2021,logistic_regression,5,0.4,0.5,961,0.48597056034371877,0.5067637877211238
2021,logistic_regression,6,0.5,0.6000000000000001,1276,0.5182696199623077,0.48197492163009403
2021,xgboost,4,0.30000000000000004,0.4,77,0.38286756191934856,0.4025974025974026
2021,xgboost,5,0.4,0.5,1203,0.4607054700429303,0.5120532003325021
2021,xgboost,6,0.5,0.6000000000000001,886,0.5338116009671316,0.4751693002257336
2021,xgboost,7,0.6000000000000001,0.7000000000000001,69,0.6284974493842194,0.4927536231884058
2021,xgboost,8,0.7000000000000001,0.8,2,0.7042578160762787,0.0
2022,random,1,0.0,0.1,224,0.054613273144692255,0.5267857142857143
2022,random,2,0.1,0.2,231,0.14870721256194855,0.5194805194805194
2022,random,3,0.2,0.30000000000000004,241,0.2504361518053771,0.48132780082987553
2022,random,4,0.30000000000000004,0.4,239,0.3508467953770369,0.48535564853556484
2022,random,5,0.4,0.5,200,0.44884625489866964,0.475
2022,random,6,0.5,0.6000000000000001,232,0.5521248902681285,0.5301724137931034
2022,random,7,0.6000000000000001,0.7000000000000001,252,0.6503288720768388,0.5079365079365079
2022,random,8,0.7000000000000001,0.8,231,0.7531431846347626,0.4588744588744589
2022,random,9,0.8,0.9,219,0.8482069062730704,0.4337899543378995
2022,random,10,0.9,1.0,207,0.9485965173048161,0.4830917874396135
2022,majority,5,0.4,0.5,2276,0.49985007496251865,0.4907732864674868
2022,previous_direction,1,0.0,0.1,1175,0.0,0.4757446808510638
2022,previous_direction,10,0.9,1.0,1101,1.0,0.5068119891008175
2022,logistic_regression,4,0.30000000000000004,0.4,7,0.37400356610870655,0.7142857142857143
2022,logistic_regression,5,0.4,0.5,722,0.4796923787964358,0.4806094182825485
2022,logistic_regression,6,0.5,0.6000000000000001,1527,0.5314928102274071,0.4931237721021611
2022,logistic_regression,7,0.6000000000000001,0.7000000000000001,20,0.6164826979733282,0.6
2022,xgboost,3,0.2,0.30000000000000004,23,0.2835432265115821,0.6521739130434783
2022,xgboost,4,0.30000000000000004,0.4,139,0.3631970916720603,0.4460431654676259
2022,xgboost,5,0.4,0.5,834,0.4626230284464445,0.4844124700239808
2022,xgboost,6,0.5,0.6000000000000001,1126,0.5401367047540248,0.4991119005328597
2022,xgboost,7,0.6000000000000001,0.7000000000000001,154,0.6245159619040304,0.4805194805194805
2023,random,1,0.0,0.1,218,0.04808214777014455,0.4541284403669725
2023,random,2,0.1,0.2,243,0.15295877185639356,0.4609053497942387
2023,random,3,0.2,0.30000000000000004,243,0.25322960183212906,0.5267489711934157
2023,random,4,0.30000000000000004,0.4,221,0.35207784224226285,0.5158371040723982
2023,random,5,0.4,0.5,242,0.44706589253756013,0.49586776859504134
2023,random,6,0.5,0.6000000000000001,205,0.551092163745351,0.4926829268292683
2023,random,7,0.6000000000000001,0.7000000000000001,220,0.6510078133799766,0.4954545454545455
2023,random,8,0.7000000000000001,0.8,215,0.7533230699110361,0.48372093023255813
2023,random,9,0.8,0.9,216,0.8500924607218321,0.5416666666666666
2023,random,10,0.9,1.0,230,0.9509311592114811,0.5304347826086957
2023,majority,5,0.4,0.5,2253,0.4985271516393443,0.4997780736795384
2023,previous_direction,1,0.0,0.1,1112,0.0,0.4919064748201439
2023,previous_direction,10,0.9,1.0,1141,1.0,0.5074496056091148
2023,logistic_regression,4,0.30000000000000004,0.4,7,0.3852012622164097,0.14285714285714285
2023,logistic_regression,5,0.4,0.5,1168,0.47966727126007447,0.4785958904109589
2023,logistic_regression,6,0.5,0.6000000000000001,1068,0.5223489181150588,0.5224719101123596
2023,logistic_regression,7,0.6000000000000001,0.7000000000000001,10,0.6124030380077917,0.8
2023,xgboost,3,0.2,0.30000000000000004,1,0.28580841422080994,1.0
2023,xgboost,4,0.30000000000000004,0.4,61,0.367928965658438,0.45901639344262296
2023,xgboost,5,0.4,0.5,908,0.4696455086839882,0.4922907488986784
2023,xgboost,6,0.5,0.6000000000000001,1230,0.5339771974862106,0.5048780487804878
2023,xgboost,7,0.6000000000000001,0.7000000000000001,49,0.6260055911784269,0.5306122448979592
2023,xgboost,8,0.7000000000000001,0.8,4,0.7192940562963486,0.75
2024,random,1,0.0,0.1,203,0.049176913715845094,0.5073891625615764
2024,random,2,0.1,0.2,223,0.15064599036501589,0.47533632286995514
2024,random,3,0.2,0.30000000000000004,219,0.2488270045039529,0.5342465753424658
2024,random,4,0.30000000000000004,0.4,214,0.35182538974850025,0.4953271028037383
2024,random,5,0.4,0.5,240,0.4505038432098947,0.4875
2024,random,6,0.5,0.6000000000000001,221,0.5473788638312587,0.5294117647058824
2024,random,7,0.6000000000000001,0.7000000000000001,230,0.6527214848229902,0.508695652173913
2024,random,8,0.7000000000000001,0.8,210,0.7517420144389612,0.5095238095238095
2024,random,9,0.8,0.9,209,0.851195785200617,0.5358851674641149
2024,random,10,0.9,1.0,203,0.9485863174700417,0.4630541871921182
2024,majority,5,0.4,0.5,2172,0.49868487324416594,0.5046040515653776
2024,previous_direction,1,0.0,0.1,1071,0.0,0.5088702147525677
2024,previous_direction,10,0.9,1.0,1101,1.0,0.5004541326067211
2024,logistic_regression,3,0.2,0.30000000000000004,1,0.2901986992421005,0.0
2024,logistic_regression,4,0.30000000000000004,0.4,25,0.36501533704190714,0.52
2024,logistic_regression,5,0.4,0.5,1180,0.47835340289617767,0.5016949152542373
2024,logistic_regression,6,0.5,0.6000000000000001,953,0.5221914445652394,0.5026232948583421
2024,logistic_regression,7,0.6000000000000001,0.7000000000000001,13,0.6460012363351504,0.9230769230769231
2024,xgboost,3,0.2,0.30000000000000004,2,0.2772919684648514,0.5
2024,xgboost,4,0.30000000000000004,0.4,89,0.36916976564385917,0.5617977528089888
2024,xgboost,5,0.4,0.5,1092,0.4644608795642853,0.4880952380952381
2024,xgboost,6,0.5,0.6000000000000001,932,0.533542363492716,0.51931330472103
2024,xgboost,7,0.6000000000000001,0.7000000000000001,56,0.6248510565076556,0.5
2024,xgboost,8,0.7000000000000001,0.8,1,0.757991373538971,0.0
2025,random,1,0.0,0.1,226,0.047922464841663515,0.5
2025,random,2,0.1,0.2,200,0.15279191698304717,0.485
2025,random,3,0.2,0.30000000000000004,211,0.24653600434761697,0.5355450236966824
2025,random,4,0.30000000000000004,0.4,214,0.3548991795739118,0.514018691588785
2025,random,5,0.4,0.5,223,0.44778491951257665,0.4798206278026906
2025,random,6,0.5,0.6000000000000001,202,0.5476446917776091,0.4752475247524752
2025,random,7,0.6000000000000001,0.7000000000000001,198,0.6491135130748132,0.5151515151515151
2025,random,8,0.7000000000000001,0.8,210,0.7489443731323542,0.5428571428571428
2025,random,9,0.8,0.9,195,0.8479976411741527,0.5128205128205128
2025,random,10,0.9,1.0,215,0.9510500772282605,0.5255813953488372
2025,majority,5,0.4,0.5,2094,0.49932638091911585,0.5085959885386819
2025,previous_direction,1,0.0,0.1,1043,0.0,0.5225311601150527
2025,previous_direction,10,0.9,1.0,1051,1.0,0.49476688867745006
2025,logistic_regression,5,0.4,0.5,890,0.4862258905614021,0.4707865168539326
2025,logistic_regression,6,0.5,0.6000000000000001,1202,0.5202055579097086,0.5357737104825291
2025,logistic_regression,7,0.6000000000000001,0.7000000000000001,2,0.6234840433112911,1.0
2025,xgboost,4,0.30000000000000004,0.4,44,0.38255878673358396,0.5909090909090909
2025,xgboost,5,0.4,0.5,1045,0.47017887790807694,0.4813397129186603
2025,xgboost,6,0.5,0.6000000000000001,953,0.5290120959532099,0.5330535152151101
2025,xgboost,7,0.6000000000000001,0.7000000000000001,39,0.6497253439365289,0.48717948717948717
2025,xgboost,8,0.7000000000000001,0.8,13,0.7238708276015061,0.6923076923076923
2026,random,1,0.0,0.1,151,0.0541231922078306,0.5033112582781457
2026,random,2,0.1,0.2,139,0.1486474847540546,0.39568345323741005
2026,random,3,0.2,0.30000000000000004,141,0.2501411646750932,0.48226950354609927
2026,random,4,0.30000000000000004,0.4,134,0.3520020888824362,0.5
2026,random,5,0.4,0.5,131,0.44877242948959983,0.4580152671755725
2026,random,6,0.5,0.6000000000000001,142,0.5515648894884234,0.6126760563380281
2026,random,7,0.6000000000000001,0.7000000000000001,146,0.6497032126966104,0.541095890410959
2026,random,8,0.7000000000000001,0.8,140,0.7502127190444808,0.4
2026,random,9,0.8,0.9,116,0.8528423479546184,0.47413793103448276
2026,random,10,0.9,1.0,140,0.9484765894401481,0.42142857142857143
2026,majority,6,0.5,0.6000000000000001,1380,0.5002032979444319,0.4797101449275362
2026,previous_direction,1,0.0,0.1,699,0.0,0.49213161659513593
2026,previous_direction,10,0.9,1.0,681,1.0,0.4669603524229075
2026,logistic_regression,4,0.30000000000000004,0.4,11,0.38228397365909816,0.45454545454545453
2026,logistic_regression,5,0.4,0.5,974,0.4723890178716951,0.4928131416837782
2026,logistic_regression,6,0.5,0.6000000000000001,395,0.5120515795881544,0.4481012658227848
2026,xgboost,4,0.30000000000000004,0.4,28,0.38126231197799954,0.4642857142857143
2026,xgboost,5,0.4,0.5,836,0.46381377279045477,0.4665071770334928
2026,xgboost,6,0.5,0.6000000000000001,509,0.5266487188564069,0.49705304518664045
2026,xgboost,7,0.6000000000000001,0.7000000000000001,7,0.616844654083252,0.8571428571428571
