test_year,horizon_hours,model,regime,samples,class_1_rate,accuracy,balanced_accuracy,roc_auc,precision,recall,f1,brier_score,calibration_error
2021,1,price_logistic,macro_release_day,537,0.521415270018622,0.4972067039106145,0.4985200111172874,0.4998054474708171,0.5198412698412699,0.46785714285714286,0.4924812030075188,0.25071637529215535,0.02378024149527404
2021,1,price_logistic,non_release_day,1853,0.4954128440366973,0.49865083648138153,0.49861358684888096,0.4961716356180024,0.4940152339499456,0.49455337690631807,0.49428415895481764,0.25069574919301596,0.02181247538733591
2021,1,price_xgboost,macro_release_day,537,0.521415270018622,0.5456238361266295,0.5495831017231796,0.5766675931072818,0.5818181818181818,0.45714285714285713,0.512,0.2453863045117252,0.029176869316918014
2021,1,price_xgboost,non_release_day,1853,0.4954128440366973,0.5067458175930922,0.5058427411368588,0.5185523050574954,0.5026881720430108,0.4074074074074074,0.4500601684717208,0.24966591015222334,0.04224185035219723
2021,1,price_macro_logistic,macro_release_day,537,0.521415270018622,0.5009310986964618,0.5006531406336854,0.4917732073374097,0.5220588235294118,0.5071428571428571,0.5144927536231884,0.2678934670374405,0.09416419427928222
2021,1,price_macro_logistic,non_release_day,1853,0.4954128440366973,0.5110631408526713,0.5105268369974252,0.5138070439108502,0.5073349633251834,0.45206971677559915,0.478110599078341,0.2529048579863483,0.04692045346695359
2021,1,price_macro_xgboost,macro_release_day,537,0.521415270018622,0.5381750465549349,0.5411617565314064,0.5662590327959978,0.5689655172413793,0.4714285714285714,0.515625,0.24535934747331822,0.030804768065944486
2021,1,price_macro_xgboost,non_release_day,1853,0.4954128440366973,0.5056664867781975,0.5047336106159636,0.5105530506914591,0.5013550135501355,0.40305010893246185,0.4468599033816425,0.2510110912407372,0.04079307970393366
2022,1,price_logistic,macro_release_day,732,0.4849726775956284,0.4972677595628415,0.5051145066686592,0.5284790973960474,0.4883303411131059,0.7661971830985915,0.5964912280701754,0.2503653812805008,0.035559461319556396
2022,1,price_logistic,non_release_day,1700,0.48470588235294115,0.5329411764705883,0.5384110254023141,0.5293464888947998,0.5130208333333334,0.7172330097087378,0.5981781376518218,0.2497358747509119,0.02770718134326688
2022,1,price_xgboost,macro_release_day,732,0.4849726775956284,0.5027322404371585,0.5058168640490156,0.5004258975604289,0.4897959183673469,0.6084507042253521,0.542713567839196,0.2518238771871608,0.041125418587786254
2022,1,price_xgboost,non_release_day,1700,0.48470588235294115,0.5294117647058824,0.532428957751474,0.5266706288513543,0.5118110236220472,0.6310679611650486,0.5652173913043478,0.25030038600730303,0.03951213387882008
2022,1,price_macro_logistic,macro_release_day,732,0.4849726775956284,0.5259562841530054,0.5250756528561289,0.5370194642657002,0.5116279069767442,0.49577464788732395,0.5035765379113019,0.3067634367265231,0.15556264358900163
2022,1,price_macro_logistic,non_release_day,1700,0.48470588235294115,0.518235294117647,0.5163613290774483,0.5147113423770892,0.5033557046979866,0.4550970873786408,0.4780114722753346,0.29795666047267,0.12641179131798017
2022,1,price_macro_xgboost,macro_release_day,732,0.4849726775956284,0.5081967213114754,0.5126013374677775,0.5319572608062166,0.49471458773784355,0.6591549295774648,0.5652173913043478,0.25045750520969534,0.043556772823867905
2022,1,price_macro_xgboost,non_release_day,1700,0.48470588235294115,0.5176470588235295,0.5211575120805072,0.5243999922418762,0.5019157088122606,0.6359223300970874,0.5610278372591007,0.2511802268611006,0.04533293806454709
2023,1,price_logistic,macro_release_day,662,0.49395770392749244,0.5468277945619335,0.5463599434022548,0.5652106440275686,0.5442622950819672,0.5076452599388379,0.5253164556962026,0.24755994007892443,0.026454673369100477
2023,1,price_logistic,non_release_day,1747,0.4979965655409273,0.5357756153405838,0.5353805423400044,0.5360869736169543,0.5420827389443652,0.4367816091954023,0.48376830044557606,0.24939766549839024,0.014806523653639722
2023,1,price_xgboost,macro_release_day,662,0.49395770392749244,0.527190332326284,0.5264457528869414,0.5545483591218221,0.5241379310344828,0.4648318042813456,0.49270664505672607,0.2451928310205072,0.0311132396185866
2023,1,price_xgboost,non_release_day,1747,0.4979965655409273,0.49456210646823123,0.49433151155323135,0.5115322612354027,0.49159120310478654,0.4367816091954023,0.4625684723067559,0.2502004065489654,0.04635027586629067
2023,1,price_macro_logistic,macro_release_day,662,0.49395770392749244,0.5075528700906344,0.509744853713086,0.5309324934958236,0.5011086474501109,0.691131498470948,0.5809768637532133,0.2509924349946788,0.03857077636859637
2023,1,price_macro_logistic,non_release_day,1747,0.4979965655409273,0.5151688609044076,0.5157688829473519,0.5219780075754598,0.5101321585903084,0.6655172413793103,0.5775561097256858,0.25084888081990286,0.023784253864780926
2023,1,price_macro_xgboost,macro_release_day,662,0.49395770392749244,0.5090634441087614,0.5105436122141586,0.5468620201743576,0.5024271844660194,0.6330275229357798,0.5602165087956699,0.24746265244192878,0.06367957407434187
2023,1,price_macro_xgboost,non_release_day,1747,0.4979965655409273,0.520892959358901,0.5216719747309926,0.5308693429795934,0.5136026380873866,0.7160919540229885,0.5981757081132981,0.25048814092229393,0.03145947584985799
2024,1,price_logistic,macro_release_day,705,0.4950354609929078,0.5092198581560283,0.5075939280770098,0.5135620231158043,0.5063291139240507,0.3438395415472779,0.40955631399317405,0.25033593616878375,0.013038066187100742
2024,1,price_logistic,non_release_day,1617,0.5040197897340755,0.536178107606679,0.5374011290791426,0.5429050074201001,0.5577264653641207,0.3852760736196319,0.45573294629898403,0.2486235210395604,0.012882684111117664
2024,1,price_xgboost,macro_release_day,705,0.4950354609929078,0.5205673758865248,0.5198158462380478,0.5208219310389234,0.5183946488294314,0.44412607449856734,0.4783950617283951,0.2503109098847367,0.016939853649612823
2024,1,price_xgboost,non_release_day,1617,0.5040197897340755,0.5281385281385281,0.5291870018206019,0.5268362835243181,0.5434782608695652,0.3987730061349693,0.4600141542816702,0.2490980165682666,0.017713320553855716
2024,1,price_macro_logistic,macro_release_day,705,0.4950354609929078,0.49361702127659574,0.494877016193941,0.521602652844403,0.49095022624434387,0.6217765042979942,0.5486725663716814,0.2499994465596321,0.03313672430187231
2024,1,price_macro_logistic,non_release_day,1617,0.5040197897340755,0.525664811379097,0.5248435659317963,0.5389853586891666,0.5246406570841889,0.6269938650306749,0.5712688652878704,0.24860726336855413,0.007212394166785988
2024,1,price_macro_xgboost,macro_release_day,705,0.4950354609929078,0.5219858156028369,0.5204597405106082,0.5130388590193491,0.5245901639344263,0.3667621776504298,0.4317032040472175,0.25118703412377363,0.018604635811866575
2024,1,price_macro_xgboost,non_release_day,1617,0.5040197897340755,0.5200989486703772,0.5216888759695852,0.5362697550602022,0.5398773006134969,0.3239263803680982,0.4049079754601227,0.24853073939328243,0.024642882961952616
2025,1,price_logistic,macro_release_day,496,0.4899193548387097,0.5282258064516129,0.5286032629027798,0.5161111924396948,0.5175097276264592,0.5473251028806584,0.532,0.25095008027552046,0.016828036915587076
2025,1,price_logistic,non_release_day,1748,0.4948512585812357,0.5371853546910755,0.5370125491787718,0.549726039054982,0.533175355450237,0.5202312138728323,0.5266237565827969,0.24836420705790602,0.014742092029659731
2025,1,price_xgboost,macro_release_day,496,0.4899193548387097,0.530241935483871,0.5282210185591828,0.5432749394102051,0.5252525252525253,0.4279835390946502,0.47165532879818595,0.24854183477709232,0.008668446012081624
2025,1,price_xgboost,non_release_day,1748,0.4948512585812357,0.5389016018306636,0.5375801098462284,0.5474112818230022,0.5454545454545454,0.4092485549132948,0.4676354029062087,0.24634235719975586,0.00707203562390615
2025,1,price_macro_logistic,macro_release_day,496,0.4899193548387097,0.4939516129032258,0.5006994258201988,0.4874997966785406,0.49033816425120774,0.8353909465020576,0.6179604261796042,0.3307541843190792,0.27396242786603275
2025,1,price_macro_logistic,non_release_day,1748,0.4948512585812357,0.4959954233409611,0.4996713777911612,0.5205611453334992,0.4946595460614152,0.8566473988439306,0.6271688531527719,0.3336761404938375,0.2814763600605622
2025,1,price_macro_xgboost,macro_release_day,496,0.4899193548387097,0.5060483870967742,0.5095479757315506,0.5363701426503359,0.49700598802395207,0.6831275720164609,0.5753899480069324,0.2511977174736643,0.03916680230008018
2025,1,price_macro_xgboost,non_release_day,1748,0.4948512585812357,0.5223112128146453,0.5239514529422162,0.554857651594996,0.5130208333333334,0.6832369942196532,0.58601883986118,0.246812568375477,0.02906552229920567
2026,1,price_logistic,macro_release_day,470,0.474468085106383,0.5276595744680851,0.5218496396216481,0.496977179063561,0.5027624309392266,0.4080717488789238,0.4504950495049505,0.25076247911445587,0.01826163386436893
2026,1,price_logistic,non_release_day,1006,0.49204771371769385,0.5119284294234593,0.5101444978157307,0.5100871731008717,0.5051282051282051,0.397979797979798,0.44519774011299434,0.2501086859281248,0.01025412552874093
2026,1,price_xgboost,macro_release_day,470,0.474468085106383,0.49361702127659574,0.4901145585592128,0.5124997730614913,0.4630541871921182,0.42152466367713004,0.4413145539906103,0.2495121757736614,0.0410809313363217
2026,1,price_xgboost,non_release_day,1006,0.49204771371769385,0.5168986083499006,0.514625709146257,0.5181324003241812,0.5125348189415042,0.3717171717171717,0.4309133489461358,0.24957584590017534,0.016821754115002294
2026,1,price_macro_logistic,macro_release_day,470,0.474468085106383,0.4808510638297872,0.49016902380131083,0.48365134983025,0.4672897196261682,0.672645739910314,0.5514705882352942,0.26922770476592356,0.08240700459080859
2026,1,price_macro_logistic,non_release_day,1006,0.49204771371769385,0.4900596421471173,0.4908952539089525,0.48643776315009196,0.48381294964028776,0.5434343434343434,0.5118934348239772,0.26033623372151504,0.06351681413173807
2026,1,price_macro_xgboost,macro_release_day,470,0.474468085106383,0.5170212765957447,0.5117281821317696,0.5218496396216481,0.489247311827957,0.4080717488789238,0.4449877750611247,0.24862070108364337,0.021215949096578274
2026,1,price_macro_xgboost,non_release_day,1006,0.49204771371769385,0.4990059642147117,0.4971713218288561,0.5122338848366246,0.4883720930232558,0.38181818181818183,0.42857142857142855,0.24984013957173226,0.0330485808801935
