event_id,event_type,event_timestamp_utc,reference_period,timestamp_precision,timestamp_provenance,market_data_source,production_status,adjudication_class,model_eligible_market_reaction,reaction_contract_version,reaction_extraction_status,context_pre_bar_timestamp_utc,context_pre_mid_close,context_pre_event_spread_pips,outcome_bar_timestamp_1m_utc,outcome_mid_close_1m,outcome_reaction_1m_pips,outcome_abs_reaction_1m_pips,outcome_direction_1m,outcome_spread_1m_pips,outcome_max_spread_1m_pips,outcome_max_up_1m_pips,outcome_max_down_1m_pips,outcome_range_1m_pips,outcome_spread_expansion_1m_pips,outcome_bar_timestamp_5m_utc,outcome_mid_close_5m,outcome_reaction_5m_pips,outcome_abs_reaction_5m_pips,outcome_direction_5m,outcome_spread_5m_pips,outcome_max_spread_5m_pips,outcome_max_up_5m_pips,outcome_max_down_5m_pips,outcome_range_5m_pips,outcome_spread_expansion_5m_pips,outcome_bar_timestamp_15m_utc,outcome_mid_close_15m,outcome_reaction_15m_pips,outcome_abs_reaction_15m_pips,outcome_direction_15m,outcome_spread_15m_pips,outcome_max_spread_15m_pips,outcome_max_up_15m_pips,outcome_max_down_15m_pips,outcome_range_15m_pips,outcome_spread_expansion_15m_pips,outcome_bar_timestamp_60m_utc,outcome_mid_close_60m,outcome_reaction_60m_pips,outcome_abs_reaction_60m_pips,outcome_direction_60m,outcome_spread_60m_pips,outcome_max_spread_60m_pips,outcome_max_up_60m_pips,outcome_max_down_60m_pips,outcome_range_60m_pips,outcome_bar_timestamp_240m_utc,outcome_mid_close_240m,outcome_reaction_240m_pips,outcome_abs_reaction_240m_pips,outcome_direction_240m,outcome_spread_240m_pips,outcome_max_spread_240m_pips,outcome_max_up_240m_pips,outcome_max_down_240m_pips,outcome_range_240m_pips,outcome_continued_1m_to_5m,outcome_reversed_1m_to_5m,outcome_continued_5m_to_15m,outcome_reversed_5m_to_15m,outcome_continued_15m_to_60m,outcome_reversed_15m_to_60m
bls:us_employment_situation:20150109T1330Z,us_employment_situation,2015-01-09 13:30:00+00:00,2014-12-01 00:00:00+00:00,minute_reconstructed,ALFRED first vintage date + official BLS 08:30 Eastern release time,Dukascopy JForex historical ticks,PASS,STRICT_PASS,True,v0.4a-event-reaction-v1,COMPLETE,2015-01-09 13:29:00+00:00,1.181705,3.5,2015-01-09 13:30:00+00:00,1.182135,4.299999999999304,4.299999999999304,UP,0.3,4.3,9.250000000000647,-33.54999999999997,42.800000000000615,0.7999999999999998,2015-01-09 13:34:00+00:00,1.180425,-12.799999999999478,12.799999999999478,DOWN,0.1,4.3,9.250000000000647,-42.40000000000021,51.65000000000086,0.7999999999999998,2015-01-09 13:44:00+00:00,1.176495,-52.09999999999937,52.09999999999937,DOWN,0.3,4.3,9.250000000000647,-53.000000000000824,62.25000000000147,0.7999999999999998,2015-01-09 14:29:00+00:00,1.178095,-36.10000000000113,36.10000000000113,DOWN,0.1,4.3,9.250000000000647,-54.09999999999915,63.349999999999795,2015-01-09 17:29:00+00:00,1.18371,20.050000000000345,20.050000000000345,UP,0.2,4.3,27.69999999999939,-54.09999999999915,81.79999999999853,False,True,True,False,True,False
bls:us_employment_situation:20150206T1330Z,us_employment_situation,2015-02-06 13:30:00+00:00,2015-01-01 00:00:00+00:00,minute_reconstructed,ALFRED first vintage date + official BLS 08:30 Eastern release time,Dukascopy JForex historical ticks,PASS,STRICT_PASS,True,v0.4a-event-reaction-v1,COMPLETE,2015-02-06 13:29:00+00:00,1.145395,16.5,2015-02-06 13:30:00+00:00,1.13892,-64.75000000000009,64.75000000000009,DOWN,0.4,17.3,2.500000000000835,-71.4999999999999,74.00000000000072,0.8000000000000007,2015-02-06 13:34:00+00:00,1.136875,-85.19999999999861,85.19999999999861,DOWN,0.5,17.3,2.500000000000835,-102.14999999999863,104.64999999999947,0.8000000000000007,2015-02-06 13:44:00+00:00,1.13784,-75.54999999999978,75.54999999999978,DOWN,0.4,17.3,2.500000000000835,-102.14999999999863,104.64999999999947,0.8000000000000007,2015-02-06 14:29:00+00:00,1.133855,-115.39999999999883,115.39999999999883,DOWN,0.5,17.3,2.500000000000835,-118.59999999999981,121.10000000000065,2015-02-06 17:29:00+00:00,1.13241,-129.85000000000025,129.85000000000025,DOWN,0.2,17.3,2.500000000000835,-137.84999999999937,140.3500000000002,True,False,True,False,True,False
bls:us_employment_situation:20150306T1330Z,us_employment_situation,2015-03-06 13:30:00+00:00,2015-02-01 00:00:00+00:00,minute_reconstructed,ALFRED first vintage date + official BLS 08:30 Eastern release time,Dukascopy JForex historical ticks,PASS,STRICT_PASS,True,v0.4a-event-reaction-v1,COMPLETE,2015-03-06 13:29:00+00:00,1.098045,5.1000000000000005,2015-03-06 13:30:00+00:00,1.098225,1.80000000000069,1.80000000000069,UP,1.7,9.0,8.900000000000574,-6.349999999999412,15.249999999999986,3.8999999999999995,2015-03-06 13:34:00+00:00,1.08865,-93.95000000000041,93.95000000000041,DOWN,0.6,9.0,8.900000000000574,-98.94999999999986,107.85000000000043,3.8999999999999995,2015-03-06 13:44:00+00:00,1.088,-100.4499999999986,100.4499999999986,DOWN,0.6,9.0,8.900000000000574,-109.44999999999982,118.35000000000039,3.8999999999999995,2015-03-06 14:29:00+00:00,1.087495,-105.49999999999837,105.49999999999837,DOWN,0.1,9.0,8.900000000000574,-119.65000000000003,128.5500000000006,2015-03-06 17:29:00+00:00,1.085065,-129.7999999999999,129.7999999999999,DOWN,0.3,9.0,8.900000000000574,-135.49999999999952,144.4000000000001,False,True,True,False,True,False
bls:us_cpi_release:20150324T1230Z,us_cpi_release,2015-03-24 12:30:00+00:00,2015-02-01 00:00:00+00:00,minute_reconstructed,ALFRED first vintage date + official BLS 08:30 Eastern release time,Dukascopy JForex historical ticks,PASS,STRICT_PASS,True,v0.4a-event-reaction-v1,COMPLETE,2015-03-24 12:29:00+00:00,1.099395,2.3,2015-03-24 12:30:00+00:00,1.09653,-28.649999999998954,28.649999999998954,DOWN,0.6,4.8999999999999995,0.0,-31.849999999999934,31.800000000001827,2.5999999999999996,2015-03-24 12:34:00+00:00,1.09593,-34.64999999999829,34.64999999999829,DOWN,0.4,4.8999999999999995,0.0,-56.8499999999994,56.80000000000129,2.5999999999999996,2015-03-24 12:44:00+00:00,1.10145,20.5500000000014,20.5500000000014,UP,0.2,4.8999999999999995,23.55000000000107,-56.8499999999994,80.40000000000046,2.5999999999999996,2015-03-24 13:29:00+00:00,1.09413,-52.64999999999853,52.64999999999853,DOWN,0.2,4.8999999999999995,35.30000000000033,-74.74999999999898,110.04999999999932,2015-03-24 16:29:00+00:00,1.09175,-76.44999999999901,76.44999999999901,DOWN,0.2,4.8999999999999995,35.30000000000033,-103.39999999999793,138.69999999999825,True,False,False,True,False,True
bls:us_employment_situation:20150403T1230Z,us_employment_situation,2015-04-03 12:30:00+00:00,2015-03-01 00:00:00+00:00,minute_reconstructed,ALFRED first vintage date + official BLS 08:30 Eastern release time,Dukascopy JForex historical ticks,PASS,STRICT_PASS,True,v0.4a-event-reaction-v1,COMPLETE,2015-04-03 12:29:00+00:00,1.08817,10.200000000000001,2015-04-03 12:30:00+00:00,1.09886,106.89999999999866,106.89999999999866,UP,0.4,16.5,114.9499999999981,-5.150000000000432,120.09999999999853,6.299999999999999,2015-04-03 12:34:00+00:00,1.09921,110.39999999999938,110.39999999999938,UP,0.6,16.5,117.34999999999829,-5.150000000000432,122.49999999999872,6.299999999999999,2015-04-03 12:44:00+00:00,1.09822,100.49999999999892,100.49999999999892,UP,0.6,16.5,121.35000000000007,-5.150000000000432,126.5000000000005,6.299999999999999,2015-04-03 13:29:00+00:00,1.0993,111.29999999999862,111.29999999999862,UP,0.8,16.5,145.4999999999984,-5.150000000000432,150.64999999999884,2015-04-03 16:29:00+00:00,1.09783,96.60000000000001,96.60000000000001,UP,0.6,16.5,145.4999999999984,-5.150000000000432,150.64999999999884,True,False,True,False,True,False
bls:us_cpi_release:20150417T1230Z,us_cpi_release,2015-04-17 12:30:00+00:00,2015-03-01 00:00:00+00:00,minute_reconstructed,ALFRED first vintage date + official BLS 08:30 Eastern release time,Dukascopy JForex historical ticks,PASS,STRICT_PASS,True,v0.4a-event-reaction-v1,COMPLETE,2015-04-17 12:29:00+00:00,1.082215,3.3,2015-04-17 12:30:00+00:00,1.07952,-26.94999999999892,26.94999999999892,DOWN,0.4,4.3,22.100000000000453,-26.94999999999892,49.04999999999937,1.0,2015-04-17 12:34:00+00:00,1.08047,-17.449999999998855,17.449999999998855,DOWN,0.2,4.3,22.100000000000453,-34.49999999999953,56.59999999999998,1.0,2015-04-17 12:44:00+00:00,1.077265,-49.5000000000001,49.5000000000001,DOWN,0.3,4.3,22.100000000000453,-55.149999999999366,77.24999999999982,1.0,2015-04-17 13:29:00+00:00,1.07581,-64.04999999999994,64.04999999999994,DOWN,0.4,4.3,22.100000000000453,-88.44999999999992,110.55000000000037,2015-04-17 16:29:00+00:00,1.07784,-43.75000000000018,43.75000000000018,DOWN,0.4,4.3,22.100000000000453,-88.44999999999992,110.55000000000037,True,False,True,False,True,False
bls:us_employment_situation:20150508T1230Z,us_employment_situation,2015-05-08 12:30:00+00:00,2015-04-01 00:00:00+00:00,minute_reconstructed,ALFRED first vintage date + official BLS 08:30 Eastern release time,Dukascopy JForex historical ticks,PASS,STRICT_PASS,True,v0.4a-event-reaction-v1,COMPLETE,2015-05-08 12:29:00+00:00,1.127075,8.5,2015-05-08 12:30:00+00:00,1.126625,-4.500000000000615,4.500000000000615,DOWN,0.5,13.4,18.249999999999655,-8.850000000000247,27.099999999999902,4.9,2015-05-08 12:34:00+00:00,1.12261,-44.64999999999941,44.64999999999941,DOWN,0.4,13.4,18.249999999999655,-46.10000000000003,64.34999999999968,4.9,2015-05-08 12:44:00+00:00,1.12106,-60.150000000001036,60.150000000001036,DOWN,0.2,13.4,18.249999999999655,-91.55000000000024,109.7999999999999,4.9,2015-05-08 13:29:00+00:00,1.124945,-21.299999999999653,21.299999999999653,DOWN,0.3,13.4,18.249999999999655,-91.55000000000024,109.7999999999999,2015-05-08 16:29:00+00:00,1.12293,-41.45000000000065,41.45000000000065,DOWN,0.4,13.4,18.249999999999655,-91.55000000000024,109.7999999999999,True,False,True,False,True,False
bls:us_cpi_release:20150522T1230Z,us_cpi_release,2015-05-22 12:30:00+00:00,2015-04-01 00:00:00+00:00,minute_reconstructed,ALFRED first vintage date + official BLS 08:30 Eastern release time,Dukascopy JForex historical ticks,PASS,STRICT_PASS,True,v0.4a-event-reaction-v1,COMPLETE,2015-05-22 12:29:00+00:00,1.11739,0.8,2015-05-22 12:30:00+00:00,1.11233,-50.60000000000064,50.60000000000064,DOWN,0.6,6.3,3.649999999999487,-53.000000000000824,56.65000000000031,5.5,2015-05-22 12:34:00+00:00,1.11097,-64.20000000000093,64.20000000000093,DOWN,0.2,6.3,3.649999999999487,-64.20000000000093,67.8500000000004,5.5,2015-05-22 12:44:00+00:00,1.109975,-74.15000000000171,74.15000000000171,DOWN,0.1,6.3,3.649999999999487,-83.35000000000203,87.00000000000152,5.5,2015-05-22 13:29:00+00:00,1.103945,-134.4500000000015,134.4500000000015,DOWN,0.5,6.3,3.649999999999487,-149.9500000000009,153.6000000000004,2015-05-22 16:29:00+00:00,1.103135,-142.5500000000013,142.5500000000013,DOWN,0.3,6.3,3.649999999999487,-171.5500000000003,175.1999999999998,True,False,True,False,True,False
bls:us_employment_situation:20150605T1230Z,us_employment_situation,2015-06-05 12:30:00+00:00,2015-05-01 00:00:00+00:00,minute_reconstructed,ALFRED first vintage date + official BLS 08:30 Eastern release time,Dukascopy JForex historical ticks,PASS,STRICT_PASS,True,v0.4a-event-reaction-v1,COMPLETE,2015-06-05 12:29:00+00:00,1.126225,2.5,2015-06-05 12:30:00+00:00,1.111765,-144.6000000000014,144.6000000000014,DOWN,0.7,7.5,15.350000000000641,-144.99999999999957,160.3500000000002,5.0,2015-06-05 12:34:00+00:00,1.11297,-132.55000000000015,132.55000000000015,DOWN,0.4,7.5,15.350000000000641,-154.05000000000112,169.40000000000177,5.0,2015-06-05 12:44:00+00:00,1.110115,-161.10000000000068,161.10000000000068,DOWN,0.1,7.5,15.350000000000641,-186.90000000000094,202.2500000000016,5.0,2015-06-05 13:29:00+00:00,1.106065,-201.59999999999954,201.59999999999954,DOWN,0.1,7.5,15.350000000000641,-207.6499999999992,222.99999999999986,2015-06-05 16:29:00+00:00,1.11042,-158.0500000000007,158.0500000000007,DOWN,0.2,7.5,15.350000000000641,-212.7000000000012,228.05000000000186,True,False,True,False,True,False
bls:us_cpi_release:20150618T1230Z,us_cpi_release,2015-06-18 12:30:00+00:00,2015-05-01 00:00:00+00:00,minute_reconstructed,ALFRED first vintage date + official BLS 08:30 Eastern release time,Dukascopy JForex historical ticks,PASS,STRICT_PASS,True,v0.4a-event-reaction-v1,COMPLETE,2015-06-18 12:29:00+00:00,1.139385,2.9,2015-06-18 12:30:00+00:00,1.14154,21.54999999999907,21.54999999999907,UP,0.6,4.1,34.4499999999992,0.0,34.30000000000044,1.1999999999999997,2015-06-18 12:34:00+00:00,1.141455,20.700000000000163,20.700000000000163,UP,0.3,4.1,34.4499999999992,0.0,34.30000000000044,1.1999999999999997,2015-06-18 12:44:00+00:00,1.140635,12.499999999999734,12.499999999999734,UP,0.1,4.1,34.4499999999992,0.0,34.30000000000044,1.1999999999999997,2015-06-18 13:29:00+00:00,1.14056,11.749999999999261,11.749999999999261,UP,0.4,4.1,34.4499999999992,-7.4000000000018495,41.85000000000105,2015-06-18 16:29:00+00:00,1.14113,17.449999999998855,17.449999999998855,UP,0.2,4.1,42.64999999999963,-7.4000000000018495,50.05000000000148,True,False,True,False,True,False
bls:us_employment_situation:20150702T1230Z,us_employment_situation,2015-07-02 12:30:00+00:00,2015-06-01 00:00:00+00:00,minute_reconstructed,ALFRED first vintage date + official BLS 08:30 Eastern release time,Dukascopy JForex historical ticks,PASS,STRICT_PASS,True,v0.4a-event-reaction-v1,COMPLETE,2015-07-02 12:29:00+00:00,1.1051,2.2,2015-07-02 12:30:00+00:00,1.10965,45.50000000000054,45.50000000000054,UP,0.2,7.0,62.99999999999972,-0.2999999999997449,63.299999999999464,4.8,2015-07-02 12:34:00+00:00,1.111545,64.45000000000034,64.45000000000034,UP,0.1,7.0,69.35000000000136,-0.2999999999997449,69.6500000000011,4.8,2015-07-02 12:44:00+00:00,1.108015,29.15000000000001,29.15000000000001,UP,0.1,7.0,70.44999999999968,-0.2999999999997449,70.74999999999942,4.8,2015-07-02 13:29:00+00:00,1.108495,33.950000000000365,33.950000000000365,UP,0.3,7.0,70.44999999999968,-0.2999999999997449,70.74999999999942,2015-07-02 16:29:00+00:00,1.109155,40.549999999999194,40.549999999999194,UP,0.5,7.0,70.44999999999968,-0.2999999999997449,70.74999999999942,True,False,True,False,True,False
bls:us_cpi_release:20150717T1230Z,us_cpi_release,2015-07-17 12:30:00+00:00,2015-06-01 00:00:00+00:00,minute_reconstructed,ALFRED first vintage date + official BLS 08:30 Eastern release time,Dukascopy JForex historical ticks,PASS,STRICT_PASS,True,v0.4a-event-reaction-v1,COMPLETE,2015-07-17 12:29:00+00:00,1.08865,5.8,2015-07-17 12:30:00+00:00,1.088065,-5.8499999999983565,5.8499999999983565,DOWN,0.7,6.199999999999999,0.6000000000017103,-9.399999999999409,10.000000000001119,0.39999999999999947,2015-07-17 12:34:00+00:00,1.08663,-20.199999999999108,20.199999999999108,DOWN,0.2,6.199999999999999,0.6000000000017103,-22.14999999999856,22.75000000000027,0.39999999999999947,2015-07-17 12:44:00+00:00,1.086315,-23.34999999999976,23.34999999999976,DOWN,0.3,6.199999999999999,0.6000000000017103,-25.049999999999795,25.650000000001505,0.39999999999999947,2015-07-17 13:29:00+00:00,1.08673,-19.199999999999218,19.199999999999218,DOWN,0.4,6.199999999999999,0.6000000000017103,-29.29999999999877,29.90000000000048,2015-07-17 16:29:00+00:00,1.08481,-38.399999999998435,38.399999999998435,DOWN,0.4,6.199999999999999,0.6000000000017103,-45.399999999999885,46.00000000000159,True,False,True,False,True,False
bls:us_employment_situation:20150904T1230Z,us_employment_situation,2015-09-04 12:30:00+00:00,2015-08-01 00:00:00+00:00,minute_reconstructed,ALFRED first vintage date + official BLS 08:30 Eastern release time,Dukascopy JForex historical ticks,PASS,STRICT_PASS,True,v0.4a-event-reaction-v1,COMPLETE,2015-09-04 12:29:00+00:00,1.11523,11.2,2015-09-04 12:30:00+00:00,1.11192,-33.09999999999924,33.09999999999924,DOWN,0.6,11.399999999999999,37.70000000000051,-33.449999999999314,71.14999999999982,0.1999999999999993,2015-09-04 12:34:00+00:00,1.11002,-52.09999999999937,52.09999999999937,DOWN,0.2,11.399999999999999,37.70000000000051,-62.44999999999834,100.14999999999884,0.1999999999999993,2015-09-04 12:44:00+00:00,1.110415,-48.150000000000134,48.150000000000134,DOWN,0.3,11.399999999999999,37.70000000000051,-62.44999999999834,100.14999999999884,0.1999999999999993,2015-09-04 13:29:00+00:00,1.11182,-34.09999999999913,34.09999999999913,DOWN,0.4,11.399999999999999,37.70000000000051,-62.44999999999834,100.14999999999884,2015-09-04 16:29:00+00:00,1.11408,-11.499999999999844,11.499999999999844,DOWN,0.2,11.399999999999999,37.70000000000051,-62.44999999999834,100.14999999999884,True,False,True,False,True,False
bls:us_cpi_release:20150916T1230Z,us_cpi_release,2015-09-16 12:30:00+00:00,2015-08-01 00:00:00+00:00,minute_reconstructed,ALFRED first vintage date + official BLS 08:30 Eastern release time,Dukascopy JForex historical ticks,PASS,STRICT_PASS,True,v0.4a-event-reaction-v1,COMPLETE,2015-09-16 12:29:00+00:00,1.12366,0.6,2015-09-16 12:30:00+00:00,1.1237,0.3999999999981796,0.3999999999981796,UP,0.4,2.1,17.94999999999991,-1.40000000000029,19.3500000000002,1.5,2015-09-16 12:34:00+00:00,1.125875,22.14999999999856,22.14999999999856,UP,0.1,2.1,24.999999999999467,-1.40000000000029,26.399999999999757,1.5,2015-09-16 12:44:00+00:00,1.12596,22.999999999999687,22.999999999999687,UP,0.2,2.1,27.449999999999974,-1.40000000000029,28.850000000000264,1.5,2015-09-16 13:29:00+00:00,1.127335,36.74999999999873,36.74999999999873,UP,0.1,2.1,44.34999999999967,-1.40000000000029,45.74999999999996,2015-09-16 16:29:00+00:00,1.130935,72.7499999999992,72.7499999999992,UP,0.3,2.1,76.34999999999836,-1.40000000000029,77.74999999999865,True,False,True,False,True,False
bls:us_employment_situation:20151002T1230Z,us_employment_situation,2015-10-02 12:30:00+00:00,2015-09-01 00:00:00+00:00,minute_reconstructed,ALFRED first vintage date + official BLS 08:30 Eastern release time,Dukascopy JForex historical ticks,PASS,STRICT_PASS,True,v0.4a-event-reaction-v1,COMPLETE,2015-10-02 12:29:00+00:00,1.115565,6.8999999999999995,2015-10-02 12:30:00+00:00,1.124885,93.19999999999995,93.19999999999995,UP,0.3,7.3999999999999995,96.89999999999976,-1.9499999999994522,98.84999999999921,0.5,2015-10-02 12:34:00+00:00,1.12666,110.95000000000077,110.95000000000077,UP,0.2,7.3999999999999995,118.30000000000007,-1.9499999999994522,120.24999999999952,0.5,2015-10-02 12:44:00+00:00,1.12945,138.85000000000147,138.85000000000147,UP,0.2,7.3999999999999995,155.8500000000018,-1.9499999999994522,157.80000000000126,0.5,2015-10-02 13:29:00+00:00,1.130305,147.39999999999975,147.39999999999975,UP,0.1,7.3999999999999995,160.1500000000011,-1.9499999999994522,162.10000000000056,2015-10-02 16:29:00+00:00,1.12596,103.95000000000154,103.95000000000154,UP,0.2,7.3999999999999995,162.80000000000072,-1.9499999999994522,164.75000000000017,True,False,True,False,True,False
bls:us_cpi_release:20151015T1230Z,us_cpi_release,2015-10-15 12:30:00+00:00,2015-09-01 00:00:00+00:00,minute_reconstructed,ALFRED first vintage date + official BLS 08:30 Eastern release time,Dukascopy JForex historical ticks,PASS,STRICT_PASS,True,v0.4a-event-reaction-v1,COMPLETE,2015-10-15 12:29:00+00:00,1.14443,3.6,2015-10-15 12:30:00+00:00,1.141485,-29.449999999999754,29.449999999999754,DOWN,0.1,10.6,0.0,-31.30000000000077,31.049999999999134,7.0,2015-10-15 12:34:00+00:00,1.141205,-32.250000000000334,32.250000000000334,DOWN,0.1,10.6,0.0,-44.39999999999999,44.14999999999836,7.0,2015-10-15 12:44:00+00:00,1.13729,-71.40000000000146,71.40000000000146,DOWN,0.2,10.6,0.0,-74.49999999999956,74.24999999999793,7.0,2015-10-15 13:29:00+00:00,1.138255,-61.75000000000041,61.75000000000041,DOWN,0.3,10.6,0.0,-76.89999999999974,76.6499999999981,2015-10-15 16:29:00+00:00,1.14134,-30.90000000000037,30.90000000000037,DOWN,0.2,10.6,0.0,-81.05000000000028,80.79999999999865,True,False,True,False,True,False
bls:us_employment_situation:20151106T1330Z,us_employment_situation,2015-11-06 13:30:00+00:00,2015-10-01 00:00:00+00:00,minute_reconstructed,ALFRED first vintage date + official BLS 08:30 Eastern release time,Dukascopy JForex historical ticks,PASS,STRICT_PASS,True,v0.4a-event-reaction-v1,COMPLETE,2015-11-06 13:29:00+00:00,1.08414,18.6,2015-11-06 13:30:00+00:00,1.071515,-126.25000000000108,126.25000000000108,DOWN,0.7,33.8,8.299999999998864,-135.50000000000173,143.80000000000058,15.199999999999996,2015-11-06 13:34:00+00:00,1.0748,-93.40000000000126,93.40000000000126,DOWN,0.2,33.8,8.299999999998864,-135.50000000000173,143.80000000000058,15.199999999999996,2015-11-06 13:44:00+00:00,1.07384,-103.00000000000198,103.00000000000198,DOWN,0.2,33.8,8.299999999998864,-135.50000000000173,143.80000000000058,15.199999999999996,2015-11-06 14:29:00+00:00,1.072685,-114.54999999999993,114.54999999999993,DOWN,0.3,33.8,8.299999999998864,-135.50000000000173,143.80000000000058,2015-11-06 17:29:00+00:00,1.07338,-107.60000000000102,107.60000000000102,DOWN,0.4,33.8,8.299999999998864,-135.50000000000173,143.80000000000058,True,False,True,False,True,False
bls:us_cpi_release:20151117T1330Z,us_cpi_release,2015-11-17 13:30:00+00:00,2015-10-01 00:00:00+00:00,minute_reconstructed,ALFRED first vintage date + official BLS 08:30 Eastern release time,Dukascopy JForex historical ticks,PASS,STRICT_PASS,True,v0.4a-event-reaction-v1,COMPLETE,2015-11-17 13:29:00+00:00,1.067085,0.9,2015-11-17 13:30:00+00:00,1.065815,-12.700000000001044,12.700000000001044,DOWN,0.3,1.2999999999999998,0.700000000000145,-13.450000000001516,14.150000000001661,0.3999999999999998,2015-11-17 13:34:00+00:00,1.06636,-7.250000000000867,7.250000000000867,DOWN,0.4,1.2999999999999998,0.700000000000145,-16.300000000000203,17.000000000000348,0.3999999999999998,2015-11-17 13:44:00+00:00,1.06687,-2.1500000000007624,2.1500000000007624,DOWN,0.2,1.2999999999999998,2.6999999999999247,-16.300000000000203,19.000000000000128,0.3999999999999998,2015-11-17 14:29:00+00:00,1.065885,-12.000000000000899,12.000000000000899,DOWN,0.1,1.2999999999999998,2.6999999999999247,-19.200000000001438,21.900000000001363,2015-11-17 17:29:00+00:00,1.064675,-24.100000000000232,24.100000000000232,DOWN,0.1,1.2999999999999998,5.949999999999012,-39.949999999999704,45.89999999999872,True,False,True,False,True,False
bls:us_employment_situation:20151204T1330Z,us_employment_situation,2015-12-04 13:30:00+00:00,2015-11-01 00:00:00+00:00,minute_reconstructed,ALFRED first vintage date + official BLS 08:30 Eastern release time,Dukascopy JForex historical ticks,PASS,STRICT_PASS,True,v0.4a-event-reaction-v1,COMPLETE,2015-12-04 13:29:00+00:00,1.092665,7.699999999999999,2015-12-04 13:30:00+00:00,1.087975,-46.90000000000083,46.90000000000083,DOWN,0.3,9.0,5.450000000000177,-63.05000000000005,68.50000000000023,1.3000000000000007,2015-12-04 13:34:00+00:00,1.08729,-53.749999999999076,53.749999999999076,DOWN,0.4,9.0,5.450000000000177,-63.05000000000005,68.50000000000023,1.3000000000000007,2015-12-04 13:44:00+00:00,1.08773,-49.34999999999911,49.34999999999911,DOWN,0.4,9.0,5.450000000000177,-63.05000000000005,68.50000000000023,1.3000000000000007,2015-12-04 14:29:00+00:00,1.092335,-3.2999999999994145,3.2999999999994145,DOWN,0.3,9.0,17.75000000000082,-63.05000000000005,80.80000000000086,2015-12-04 17:29:00+00:00,1.087385,-52.799999999999514,52.799999999999514,DOWN,0.3,9.0,24.100000000000232,-63.05000000000005,87.15000000000028,True,False,True,False,True,False
bls:us_cpi_release:20151215T1330Z,us_cpi_release,2015-12-15 13:30:00+00:00,2015-11-01 00:00:00+00:00,minute_reconstructed,ALFRED first vintage date + official BLS 08:30 Eastern release time,Dukascopy JForex historical ticks,PASS,STRICT_PASS,True,v0.4a-event-reaction-v1,COMPLETE,2015-12-15 13:29:00+00:00,1.09923,1.6,2015-12-15 13:30:00+00:00,1.09875,-4.8000000000003595,4.8000000000003595,DOWN,0.4,1.9,1.80000000000069,-5.999999999999339,7.800000000000029,0.2999999999999998,2015-12-15 13:34:00+00:00,1.098935,-2.949999999999342,2.949999999999342,DOWN,0.3,1.9,1.80000000000069,-8.949999999998681,10.749999999999371,0.2999999999999998,2015-12-15 13:44:00+00:00,1.097645,-15.849999999999476,15.849999999999476,DOWN,0.3,1.9,4.250000000001197,-21.599999999999397,25.850000000000595,0.2999999999999998,2015-12-15 14:29:00+00:00,1.09598,-32.49999999999975,32.49999999999975,DOWN,0.2,1.9,4.250000000001197,-33.149999999999565,37.400000000000766,2015-12-15 17:29:00+00:00,1.092025,-72.04999999999906,72.04999999999906,DOWN,0.3,1.9,4.250000000001197,-87.59999999999879,91.84999999999998,True,False,True,False,True,False
