memory_group,field_or_pattern,population_status
EVENT_IDENTITY,event_id,available_now
EVENT_IDENTITY,event_type,available_now
EVENT_IDENTITY,event_timestamp_utc,available_now
EVENT_IDENTITY,reference_period,available_now
PRE_EVENT_CONTEXT,context_pre_mid_close,available_after_market_extraction
PRE_EVENT_CONTEXT,context_pre_event_spread_pips,available_after_market_extraction
PRE_EVENT_CONTEXT,macro_regime,future_stage_not_populated
PRE_EVENT_CONTEXT,rates_regime,future_stage_not_populated
PRE_EVENT_CONTEXT,price_trend,future_stage_not_populated
PRE_EVENT_CONTEXT,volatility_regime,future_stage_not_populated
PRE_EVENT_CONTEXT,cross_market_regime,future_stage_not_populated
PRE_EVENT_CONTEXT,central_bank_context,future_stage_not_populated
EVENT_VALUES,actual,future_stage_not_populated
EVENT_VALUES,previous,future_stage_not_populated
EVENT_VALUES,consensus,future_stage_not_populated
EVENT_VALUES,surprise,future_stage_not_populated
MARKET_REACTION,"outcome_reaction_{1,5,15,60,240}m_pips",available_after_market_extraction
SPREAD_LIQUIDITY,"outcome_spread_{1,5,15,60,240}m_pips",available_after_market_extraction
SPREAD_LIQUIDITY,"outcome_spread_expansion_{1,5,15}m_pips",available_after_market_extraction
PATH_INFORMATION,outcome_max_up/max_down/range_*m_pips,available_after_market_extraction
PATH_INFORMATION,outcome_continued/reversed_*,available_after_market_extraction
PROVENANCE,market_data_source,available_now
PROVENANCE,timestamp_provenance,available_now
PROVENANCE,production_status,available_now
PROVENANCE,adjudication_class,available_now
PROVENANCE,reaction_contract_version,available_now
