dimension,value,eligible_events
event_type,us_cpi_release,118
event_type,us_employment_situation,124
year,2015,20
year,2016,18
year,2017,22
year,2018,19
year,2019,24
year,2020,21
year,2021,21
year,2022,22
year,2023,21
year,2024,22
year,2025,19
year,2026,13
month,2015-01,1
month,2015-02,1
month,2015-03,2
month,2015-04,2
month,2015-05,2
month,2015-06,2
month,2015-07,2
month,2015-09,2
month,2015-10,2
month,2015-11,2
month,2015-12,2
month,2016-01,1
month,2016-03,1
month,2016-04,2
month,2016-05,2
month,2016-06,2
month,2016-07,1
month,2016-08,1
month,2016-09,2
month,2016-10,2
month,2016-11,2
month,2016-12,2
month,2017-01,1
month,2017-02,2
month,2017-03,2
month,2017-04,2
month,2017-05,2
month,2017-06,2
month,2017-07,1
month,2017-08,2
month,2017-09,2
month,2017-10,2
month,2017-11,2
month,2017-12,2
month,2018-01,2
month,2018-03,1
month,2018-04,1
month,2018-05,2
month,2018-06,2
month,2018-07,1
month,2018-08,2
month,2018-09,2
month,2018-10,2
month,2018-11,2
month,2018-12,2
month,2019-01,2
month,2019-02,2
month,2019-03,2
month,2019-04,2
month,2019-05,2
month,2019-06,2
month,2019-07,2
month,2019-08,2
month,2019-09,2
month,2019-10,2
month,2019-11,2
month,2019-12,2
month,2020-01,2
month,2020-02,1
month,2020-03,2
month,2020-04,1
month,2020-05,2
month,2020-06,2
month,2020-07,1
month,2020-08,2
month,2020-09,2
month,2020-10,2
month,2020-11,2
month,2020-12,2
month,2021-01,2
month,2021-02,2
month,2021-03,2
month,2021-04,1
month,2021-05,2
month,2021-06,2
month,2021-07,1
month,2021-08,1
month,2021-09,2
month,2021-10,2
month,2021-11,2
month,2021-12,2
month,2022-01,2
month,2022-02,2
month,2022-03,2
month,2022-04,2
month,2022-05,2
month,2022-06,2
month,2022-07,1
month,2022-08,2
month,2022-09,1
month,2022-10,2
month,2022-11,2
month,2022-12,2
month,2023-01,2
month,2023-02,2
month,2023-03,2
month,2023-04,1
month,2023-05,2
month,2023-06,2
month,2023-07,1
month,2023-08,2
month,2023-09,1
month,2023-10,2
month,2023-11,2
month,2023-12,2
month,2024-01,1
month,2024-02,2
month,2024-03,2
month,2024-04,2
month,2024-05,2
month,2024-06,2
month,2024-07,1
month,2024-08,2
month,2024-09,2
month,2024-10,2
month,2024-11,2
month,2024-12,2
month,2025-01,2
month,2025-02,2
month,2025-03,2
month,2025-04,1
month,2025-05,2
month,2025-06,2
month,2025-07,1
month,2025-08,2
month,2025-09,2
month,2025-10,1
month,2025-12,2
month,2026-01,2
month,2026-02,2
month,2026-03,1
month,2026-04,2
month,2026-06,2
month,2026-07,2
month,2026-08,2
timestamp_precision,minute_reconstructed,242
timestamp_provenance,ALFRED first vintage date + official BLS 08:30 Eastern release time,242
