year,event_type,horizon_minutes,eligible_expected,complete,temporarily_unavailable,data_quality_failures,errors,not_run
2015,us_cpi_release,pre,9,0,0,0,0,9
2015,us_cpi_release,1,9,0,0,0,0,9
2015,us_cpi_release,5,9,0,0,0,0,9
2015,us_cpi_release,15,9,0,0,0,0,9
2015,us_cpi_release,60,9,0,0,0,0,9
2015,us_cpi_release,240,9,0,0,0,0,9
2015,us_employment_situation,pre,11,0,0,0,0,11
2015,us_employment_situation,1,11,0,0,0,0,11
2015,us_employment_situation,5,11,0,0,0,0,11
2015,us_employment_situation,15,11,0,0,0,0,11
2015,us_employment_situation,60,11,0,0,0,0,11
2015,us_employment_situation,240,11,0,0,0,0,11
2016,us_cpi_release,pre,10,0,0,0,0,10
2016,us_cpi_release,1,10,0,0,0,0,10
2016,us_cpi_release,5,10,0,0,0,0,10
2016,us_cpi_release,15,10,0,0,0,0,10
2016,us_cpi_release,60,10,0,0,0,0,10
2016,us_cpi_release,240,10,0,0,0,0,10
2016,us_employment_situation,pre,8,0,0,0,0,8
2016,us_employment_situation,1,8,0,0,0,0,8
2016,us_employment_situation,5,8,0,0,0,0,8
2016,us_employment_situation,15,8,0,0,0,0,8
2016,us_employment_situation,60,8,0,0,0,0,8
2016,us_employment_situation,240,8,0,0,0,0,8
2017,us_cpi_release,pre,11,0,0,0,0,11
2017,us_cpi_release,1,11,0,0,0,0,11
2017,us_cpi_release,5,11,0,0,0,0,11
2017,us_cpi_release,15,11,0,0,0,0,11
2017,us_cpi_release,60,11,0,0,0,0,11
2017,us_cpi_release,240,11,0,0,0,0,11
2017,us_employment_situation,pre,11,0,0,0,0,11
2017,us_employment_situation,1,11,0,0,0,0,11
2017,us_employment_situation,5,11,0,0,0,0,11
2017,us_employment_situation,15,11,0,0,0,0,11
2017,us_employment_situation,60,11,0,0,0,0,11
2017,us_employment_situation,240,11,0,0,0,0,11
2018,us_cpi_release,pre,8,0,0,0,0,8
2018,us_cpi_release,1,8,0,0,0,0,8
2018,us_cpi_release,5,8,0,0,0,0,8
2018,us_cpi_release,15,8,0,0,0,0,8
2018,us_cpi_release,60,8,0,0,0,0,8
2018,us_cpi_release,240,8,0,0,0,0,8
2018,us_employment_situation,pre,11,0,0,0,0,11
2018,us_employment_situation,1,11,0,0,0,0,11
2018,us_employment_situation,5,11,0,0,0,0,11
2018,us_employment_situation,15,11,0,0,0,0,11
2018,us_employment_situation,60,11,0,0,0,0,11
2018,us_employment_situation,240,11,0,0,0,0,11
2019,us_cpi_release,pre,12,0,0,0,0,12
2019,us_cpi_release,1,12,0,0,0,0,12
2019,us_cpi_release,5,12,0,0,0,0,12
2019,us_cpi_release,15,12,0,0,0,0,12
2019,us_cpi_release,60,12,0,0,0,0,12
2019,us_cpi_release,240,12,0,0,0,0,12
2019,us_employment_situation,pre,12,0,0,0,0,12
2019,us_employment_situation,1,12,0,0,0,0,12
2019,us_employment_situation,5,12,0,0,0,0,12
2019,us_employment_situation,15,12,0,0,0,0,12
2019,us_employment_situation,60,12,0,0,0,0,12
2019,us_employment_situation,240,12,0,0,0,0,12
2020,us_cpi_release,pre,9,0,0,0,0,9
2020,us_cpi_release,1,9,0,0,0,0,9
2020,us_cpi_release,5,9,0,0,0,0,9
2020,us_cpi_release,15,9,0,0,0,0,9
2020,us_cpi_release,60,9,0,0,0,0,9
2020,us_cpi_release,240,9,0,0,0,0,9
2020,us_employment_situation,pre,12,0,0,0,0,12
2020,us_employment_situation,1,12,0,0,0,0,12
2020,us_employment_situation,5,12,0,0,0,0,12
2020,us_employment_situation,15,12,0,0,0,0,12
2020,us_employment_situation,60,12,0,0,0,0,12
2020,us_employment_situation,240,12,0,0,0,0,12
2021,us_cpi_release,pre,11,0,0,0,0,11
2021,us_cpi_release,1,11,0,0,0,0,11
2021,us_cpi_release,5,11,0,0,0,0,11
2021,us_cpi_release,15,11,0,0,0,0,11
2021,us_cpi_release,60,11,0,0,0,0,11
2021,us_cpi_release,240,11,0,0,0,0,11
2021,us_employment_situation,pre,10,0,0,0,0,10
2021,us_employment_situation,1,10,0,0,0,0,10
2021,us_employment_situation,5,10,0,0,0,0,10
2021,us_employment_situation,15,10,0,0,0,0,10
2021,us_employment_situation,60,10,0,0,0,0,10
2021,us_employment_situation,240,10,0,0,0,0,10
2022,us_cpi_release,pre,11,0,0,0,0,11
2022,us_cpi_release,1,11,0,0,0,0,11
2022,us_cpi_release,5,11,0,0,0,0,11
2022,us_cpi_release,15,11,0,0,0,0,11
2022,us_cpi_release,60,11,0,0,0,0,11
2022,us_cpi_release,240,11,0,0,0,0,11
2022,us_employment_situation,pre,11,0,0,0,0,11
2022,us_employment_situation,1,11,0,0,0,0,11
2022,us_employment_situation,5,11,0,0,0,0,11
2022,us_employment_situation,15,11,0,0,0,0,11
2022,us_employment_situation,60,11,0,0,0,0,11
2022,us_employment_situation,240,11,0,0,0,0,11
2023,us_cpi_release,pre,10,0,0,0,0,10
2023,us_cpi_release,1,10,0,0,0,0,10
2023,us_cpi_release,5,10,0,0,0,0,10
2023,us_cpi_release,15,10,0,0,0,0,10
2023,us_cpi_release,60,10,0,0,0,0,10
2023,us_cpi_release,240,10,0,0,0,0,10
2023,us_employment_situation,pre,11,0,0,0,0,11
2023,us_employment_situation,1,11,0,0,0,0,11
2023,us_employment_situation,5,11,0,0,0,0,11
2023,us_employment_situation,15,11,0,0,0,0,11
2023,us_employment_situation,60,11,0,0,0,0,11
2023,us_employment_situation,240,11,0,0,0,0,11
2024,us_cpi_release,pre,10,0,0,0,0,10
2024,us_cpi_release,1,10,0,0,0,0,10
2024,us_cpi_release,5,10,0,0,0,0,10
2024,us_cpi_release,15,10,0,0,0,0,10
2024,us_cpi_release,60,10,0,0,0,0,10
2024,us_cpi_release,240,10,0,0,0,0,10
2024,us_employment_situation,pre,12,0,0,0,0,12
2024,us_employment_situation,1,12,0,0,0,0,12
2024,us_employment_situation,5,12,0,0,0,0,12
2024,us_employment_situation,15,12,0,0,0,0,12
2024,us_employment_situation,60,12,0,0,0,0,12
2024,us_employment_situation,240,12,0,0,0,0,12
2025,us_cpi_release,pre,10,0,0,0,0,10
2025,us_cpi_release,1,10,0,0,0,0,10
2025,us_cpi_release,5,10,0,0,0,0,10
2025,us_cpi_release,15,10,0,0,0,0,10
2025,us_cpi_release,60,10,0,0,0,0,10
2025,us_cpi_release,240,10,0,0,0,0,10
2025,us_employment_situation,pre,9,0,0,0,0,9
2025,us_employment_situation,1,9,0,0,0,0,9
2025,us_employment_situation,5,9,0,0,0,0,9
2025,us_employment_situation,15,9,0,0,0,0,9
2025,us_employment_situation,60,9,0,0,0,0,9
2025,us_employment_situation,240,9,0,0,0,0,9
2026,us_cpi_release,pre,7,0,0,0,0,7
2026,us_cpi_release,1,7,0,0,0,0,7
2026,us_cpi_release,5,7,0,0,0,0,7
2026,us_cpi_release,15,7,0,0,0,0,7
2026,us_cpi_release,60,7,0,0,0,0,7
2026,us_cpi_release,240,7,0,0,0,0,7
2026,us_employment_situation,pre,6,0,0,0,0,6
2026,us_employment_situation,1,6,0,0,0,0,6
2026,us_employment_situation,5,6,0,0,0,0,6
2026,us_employment_situation,15,6,0,0,0,0,6
2026,us_employment_situation,60,6,0,0,0,0,6
2026,us_employment_situation,240,6,0,0,0,0,6
