name,data_type,category,availability_rule,normalization_method,weight,required,source,point_in_time_safe
context_return_5m_pips,float64,pre_event_price,source ticks < event_timestamp_utc,candidate_history_robust_scale,1.0,True,"Dukascopy JForex ticks; exact window [T-10m,T); no post-T ticks",True
context_return_10m_pips,float64,pre_event_price,source ticks < event_timestamp_utc,candidate_history_robust_scale,1.0,True,"Dukascopy JForex ticks; exact window [T-10m,T); no post-T ticks",True
context_realized_vol_10m,float64,pre_event_price,source ticks < event_timestamp_utc,candidate_history_robust_scale,0.75,True,"Dukascopy JForex ticks; exact window [T-10m,T); no post-T ticks",True
context_range_10m_pips,float64,pre_event_price,source ticks < event_timestamp_utc,candidate_history_robust_scale,0.75,True,"Dukascopy JForex ticks; exact window [T-10m,T); no post-T ticks",True
context_pre_event_spread_pips,float64,pre_event_liquidity,closing tick of T-1m < event_timestamp_utc,candidate_history_robust_scale,0.5,True,"Dukascopy JForex ticks; exact window [T-10m,T); no post-T ticks",True
context_pre_event_max_spread_10m_pips,float64,pre_event_liquidity,source ticks < event_timestamp_utc,candidate_history_robust_scale,0.5,True,"Dukascopy JForex ticks; exact window [T-10m,T); no post-T ticks",True
context_trend_5m_code,float64,pre_event_regime,derived only from source ticks < event_timestamp_utc,candidate_history_robust_scale,0.3,True,"Dukascopy JForex ticks; exact window [T-10m,T); no post-T ticks",True
context_trend_10m_code,float64,pre_event_regime,derived only from source ticks < event_timestamp_utc,candidate_history_robust_scale,0.4,True,"Dukascopy JForex ticks; exact window [T-10m,T); no post-T ticks",True
context_volatility_regime_code,float64,pre_event_regime,thresholds fitted only on events < event_timestamp_utc,candidate_history_robust_scale,0.3,False,"Dukascopy JForex ticks; exact window [T-10m,T); no post-T ticks",True
context_month_sin,float64,calendar,deterministic at event_timestamp_utc,candidate_history_robust_scale,0.15,True,Deterministic event timestamp/calendar transformation,True
context_month_cos,float64,calendar,deterministic at event_timestamp_utc,candidate_history_robust_scale,0.15,True,Deterministic event timestamp/calendar transformation,True
context_weekday_sin,float64,calendar,deterministic at event_timestamp_utc,candidate_history_robust_scale,0.1,True,Deterministic event timestamp/calendar transformation,True
context_weekday_cos,float64,calendar,deterministic at event_timestamp_utc,candidate_history_robust_scale,0.1,True,Deterministic event timestamp/calendar transformation,True
context_release_local_hour,float64,calendar,America/New_York conversion at event_timestamp_utc,candidate_history_robust_scale,0.1,True,Deterministic event timestamp/calendar transformation,True
context_us_dst,float64,calendar,America/New_York DST state at event_timestamp_utc,candidate_history_robust_scale,0.1,True,Deterministic event timestamp/calendar transformation,True
context_days_since_previous_same_type,float64,calendar,previous same-type event_timestamp_utc < event_timestamp_utc,candidate_history_robust_scale,0.2,False,Deterministic event timestamp/calendar transformation,True
context_macro_fed_funds_rate,float64,macro,macro available_from_utc <= event_timestamp_utc; latest known observation/vintage,candidate_history_robust_scale,0.2,False,Audited data/macro/macro_safe.parquet point-in-time as-of join,True
context_macro_us_2y_yield,float64,macro,macro available_from_utc <= event_timestamp_utc; latest known observation/vintage,candidate_history_robust_scale,0.2,False,Audited data/macro/macro_safe.parquet point-in-time as-of join,True
context_macro_us_10y_yield,float64,macro,macro available_from_utc <= event_timestamp_utc; latest known observation/vintage,candidate_history_robust_scale,0.2,False,Audited data/macro/macro_safe.parquet point-in-time as-of join,True
context_macro_us_cpi_yoy,float64,macro,macro available_from_utc <= event_timestamp_utc; latest known observation/vintage,candidate_history_robust_scale,0.2,False,Audited data/macro/macro_safe.parquet point-in-time as-of join,True
context_macro_us_core_cpi_yoy,float64,macro,macro available_from_utc <= event_timestamp_utc; latest known observation/vintage,candidate_history_robust_scale,0.2,False,Audited data/macro/macro_safe.parquet point-in-time as-of join,True
context_macro_us_unemployment,float64,macro,macro available_from_utc <= event_timestamp_utc; latest known observation/vintage,candidate_history_robust_scale,0.2,False,Audited data/macro/macro_safe.parquet point-in-time as-of join,True
context_macro_us_payroll_growth,float64,macro,macro available_from_utc <= event_timestamp_utc; latest known observation/vintage,candidate_history_robust_scale,0.2,False,Audited data/macro/macro_safe.parquet point-in-time as-of join,True
context_macro_us_gdp_growth,float64,macro,macro available_from_utc <= event_timestamp_utc; latest known observation/vintage,candidate_history_robust_scale,0.2,False,Audited data/macro/macro_safe.parquet point-in-time as-of join,True
context_macro_us_pce,float64,macro,macro available_from_utc <= event_timestamp_utc; latest known observation/vintage,candidate_history_robust_scale,0.2,False,Audited data/macro/macro_safe.parquet point-in-time as-of join,True
context_macro_us_core_pce,float64,macro,macro available_from_utc <= event_timestamp_utc; latest known observation/vintage,candidate_history_robust_scale,0.2,False,Audited data/macro/macro_safe.parquet point-in-time as-of join,True
context_macro_us_retail_sales_yoy,float64,macro,macro available_from_utc <= event_timestamp_utc; latest known observation/vintage,candidate_history_robust_scale,0.2,False,Audited data/macro/macro_safe.parquet point-in-time as-of join,True
context_macro_ecb_rate,float64,macro,macro available_from_utc <= event_timestamp_utc; latest known observation/vintage,candidate_history_robust_scale,0.2,False,Audited data/macro/macro_safe.parquet point-in-time as-of join,True
context_macro_yield_curve_10y_2y,float64,macro,macro available_from_utc <= event_timestamp_utc; latest known observation/vintage,candidate_history_robust_scale,0.2,False,Audited data/macro/macro_safe.parquet point-in-time as-of join,True
context_macro_rate_differential,float64,macro,macro available_from_utc <= event_timestamp_utc; latest known observation/vintage,candidate_history_robust_scale,0.2,False,Audited data/macro/macro_safe.parquet point-in-time as-of join,True
