name,decision_mode,category,availability_rule,normalization_method,weight,required,enabled,source
context_return_5m_pips,POST_RELEASE_IMMEDIATE,pre_event_price,source ticks < event_timestamp_utc,candidate_history_robust_scale,1.0,True,True,"Dukascopy JForex ticks; exact window [T-10m,T); no post-T ticks"
context_return_10m_pips,POST_RELEASE_IMMEDIATE,pre_event_price,source ticks < event_timestamp_utc,candidate_history_robust_scale,1.0,True,True,"Dukascopy JForex ticks; exact window [T-10m,T); no post-T ticks"
context_realized_vol_10m,POST_RELEASE_IMMEDIATE,pre_event_price,source ticks < event_timestamp_utc,candidate_history_robust_scale,0.75,True,True,"Dukascopy JForex ticks; exact window [T-10m,T); no post-T ticks"
context_range_10m_pips,POST_RELEASE_IMMEDIATE,pre_event_price,source ticks < event_timestamp_utc,candidate_history_robust_scale,0.75,True,True,"Dukascopy JForex ticks; exact window [T-10m,T); no post-T ticks"
context_pre_event_spread_pips,POST_RELEASE_IMMEDIATE,pre_event_liquidity,closing tick of T-1m < event_timestamp_utc,candidate_history_robust_scale,0.5,True,True,"Dukascopy JForex ticks; exact window [T-10m,T); no post-T ticks"
context_pre_event_max_spread_10m_pips,POST_RELEASE_IMMEDIATE,pre_event_liquidity,source ticks < event_timestamp_utc,candidate_history_robust_scale,0.5,True,True,"Dukascopy JForex ticks; exact window [T-10m,T); no post-T ticks"
context_trend_5m_code,POST_RELEASE_IMMEDIATE,pre_event_regime,derived only from source ticks < event_timestamp_utc,candidate_history_robust_scale,0.3,True,True,"Dukascopy JForex ticks; exact window [T-10m,T); no post-T ticks"
context_trend_10m_code,POST_RELEASE_IMMEDIATE,pre_event_regime,derived only from source ticks < event_timestamp_utc,candidate_history_robust_scale,0.4,True,True,"Dukascopy JForex ticks; exact window [T-10m,T); no post-T ticks"
context_volatility_regime_code,POST_RELEASE_IMMEDIATE,pre_event_regime,thresholds fitted only on events < event_timestamp_utc,candidate_history_robust_scale,0.3,False,True,"Dukascopy JForex ticks; exact window [T-10m,T); no post-T ticks"
context_month_sin,POST_RELEASE_IMMEDIATE,calendar,deterministic at event_timestamp_utc,candidate_history_robust_scale,0.15,True,True,Deterministic event timestamp/calendar transformation
context_month_cos,POST_RELEASE_IMMEDIATE,calendar,deterministic at event_timestamp_utc,candidate_history_robust_scale,0.15,True,True,Deterministic event timestamp/calendar transformation
context_weekday_sin,POST_RELEASE_IMMEDIATE,calendar,deterministic at event_timestamp_utc,candidate_history_robust_scale,0.1,True,True,Deterministic event timestamp/calendar transformation
context_weekday_cos,POST_RELEASE_IMMEDIATE,calendar,deterministic at event_timestamp_utc,candidate_history_robust_scale,0.1,True,True,Deterministic event timestamp/calendar transformation
context_release_local_hour,POST_RELEASE_IMMEDIATE,calendar,America/New_York conversion at event_timestamp_utc,candidate_history_robust_scale,0.1,True,True,Deterministic event timestamp/calendar transformation
context_us_dst,POST_RELEASE_IMMEDIATE,calendar,America/New_York DST state at event_timestamp_utc,candidate_history_robust_scale,0.1,True,True,Deterministic event timestamp/calendar transformation
context_days_since_previous_same_type,POST_RELEASE_IMMEDIATE,calendar,previous same-type event_timestamp_utc < event_timestamp_utc,candidate_history_robust_scale,0.2,False,True,Deterministic event timestamp/calendar transformation
context_macro_fed_funds_rate,POST_RELEASE_IMMEDIATE,macro,macro available_from_utc <= event_timestamp_utc; latest known observation/vintage,candidate_history_robust_scale,0.2,False,True,Audited data/macro/macro_safe.parquet point-in-time as-of join
context_macro_us_2y_yield,POST_RELEASE_IMMEDIATE,macro,macro available_from_utc <= event_timestamp_utc; latest known observation/vintage,candidate_history_robust_scale,0.2,False,True,Audited data/macro/macro_safe.parquet point-in-time as-of join
context_macro_us_10y_yield,POST_RELEASE_IMMEDIATE,macro,macro available_from_utc <= event_timestamp_utc; latest known observation/vintage,candidate_history_robust_scale,0.2,False,True,Audited data/macro/macro_safe.parquet point-in-time as-of join
context_macro_us_cpi_yoy,POST_RELEASE_IMMEDIATE,macro,macro available_from_utc <= event_timestamp_utc; latest known observation/vintage,candidate_history_robust_scale,0.2,False,True,Audited data/macro/macro_safe.parquet point-in-time as-of join
context_macro_us_core_cpi_yoy,POST_RELEASE_IMMEDIATE,macro,macro available_from_utc <= event_timestamp_utc; latest known observation/vintage,candidate_history_robust_scale,0.2,False,True,Audited data/macro/macro_safe.parquet point-in-time as-of join
context_macro_us_unemployment,POST_RELEASE_IMMEDIATE,macro,macro available_from_utc <= event_timestamp_utc; latest known observation/vintage,candidate_history_robust_scale,0.2,False,True,Audited data/macro/macro_safe.parquet point-in-time as-of join
context_macro_us_payroll_growth,POST_RELEASE_IMMEDIATE,macro,macro available_from_utc <= event_timestamp_utc; latest known observation/vintage,candidate_history_robust_scale,0.2,False,True,Audited data/macro/macro_safe.parquet point-in-time as-of join
context_macro_us_gdp_growth,POST_RELEASE_IMMEDIATE,macro,macro available_from_utc <= event_timestamp_utc; latest known observation/vintage,candidate_history_robust_scale,0.2,False,True,Audited data/macro/macro_safe.parquet point-in-time as-of join
context_macro_us_pce,POST_RELEASE_IMMEDIATE,macro,macro available_from_utc <= event_timestamp_utc; latest known observation/vintage,candidate_history_robust_scale,0.2,False,True,Audited data/macro/macro_safe.parquet point-in-time as-of join
context_macro_us_core_pce,POST_RELEASE_IMMEDIATE,macro,macro available_from_utc <= event_timestamp_utc; latest known observation/vintage,candidate_history_robust_scale,0.2,False,True,Audited data/macro/macro_safe.parquet point-in-time as-of join
context_macro_us_retail_sales_yoy,POST_RELEASE_IMMEDIATE,macro,macro available_from_utc <= event_timestamp_utc; latest known observation/vintage,candidate_history_robust_scale,0.2,False,True,Audited data/macro/macro_safe.parquet point-in-time as-of join
context_macro_ecb_rate,POST_RELEASE_IMMEDIATE,macro,macro available_from_utc <= event_timestamp_utc; latest known observation/vintage,candidate_history_robust_scale,0.2,False,True,Audited data/macro/macro_safe.parquet point-in-time as-of join
context_macro_yield_curve_10y_2y,POST_RELEASE_IMMEDIATE,macro,macro available_from_utc <= event_timestamp_utc; latest known observation/vintage,candidate_history_robust_scale,0.2,False,True,Audited data/macro/macro_safe.parquet point-in-time as-of join
context_macro_rate_differential,POST_RELEASE_IMMEDIATE,macro,macro available_from_utc <= event_timestamp_utc; latest known observation/vintage,candidate_history_robust_scale,0.2,False,True,Audited data/macro/macro_safe.parquet point-in-time as-of join
pre_release_context_event_headline_cpi_yoy_sa_previous_value,PRE_RELEASE,event_value,available_from_utc < event_timestamp_utc,candidate_history_robust_scale,0.5,False,True,V0.4C audited normalized event-value table
pre_release_context_event_headline_cpi_yoy_sa_consensus_value,PRE_RELEASE,event_value,available_from_utc < event_timestamp_utc,candidate_history_robust_scale,0.5,False,False,V0.4C audited normalized event-value table
pre_release_context_event_core_cpi_yoy_sa_previous_value,PRE_RELEASE,event_value,available_from_utc < event_timestamp_utc,candidate_history_robust_scale,0.5,False,True,V0.4C audited normalized event-value table
pre_release_context_event_core_cpi_yoy_sa_consensus_value,PRE_RELEASE,event_value,available_from_utc < event_timestamp_utc,candidate_history_robust_scale,0.5,False,False,V0.4C audited normalized event-value table
pre_release_context_event_nonfarm_payroll_change_previous_value,PRE_RELEASE,event_value,available_from_utc < event_timestamp_utc,candidate_history_robust_scale,0.5,False,True,V0.4C audited normalized event-value table
pre_release_context_event_nonfarm_payroll_change_consensus_value,PRE_RELEASE,event_value,available_from_utc < event_timestamp_utc,candidate_history_robust_scale,0.5,False,False,V0.4C audited normalized event-value table
pre_release_context_event_unemployment_rate_previous_value,PRE_RELEASE,event_value,available_from_utc < event_timestamp_utc,candidate_history_robust_scale,0.5,False,True,V0.4C audited normalized event-value table
pre_release_context_event_unemployment_rate_consensus_value,PRE_RELEASE,event_value,available_from_utc < event_timestamp_utc,candidate_history_robust_scale,0.5,False,False,V0.4C audited normalized event-value table
release_payload_event_headline_cpi_yoy_sa_actual_value,POST_RELEASE_IMMEDIATE,event_value,available_from_utc == event_timestamp_utc,candidate_history_robust_scale,0.5,False,True,V0.4C audited normalized event-value table
release_payload_event_headline_cpi_yoy_sa_revision_raw,POST_RELEASE_IMMEDIATE,event_value,available_from_utc == event_timestamp_utc,candidate_history_robust_scale,0.25,False,True,V0.4C audited normalized event-value table
release_payload_event_headline_cpi_yoy_sa_prior_period_newly_released_at_release,POST_RELEASE_IMMEDIATE,event_value,available_from_utc == event_timestamp_utc,candidate_history_robust_scale,0.5,False,True,V0.4C audited normalized event-value table
release_payload_event_headline_cpi_yoy_sa_surprise_signed_raw,POST_RELEASE_IMMEDIATE,event_value,available_from_utc == event_timestamp_utc,candidate_history_robust_scale,0.5,False,False,V0.4C audited normalized event-value table
release_payload_event_headline_cpi_yoy_sa_surprise_z_robust,POST_RELEASE_IMMEDIATE,event_value,available_from_utc == event_timestamp_utc,candidate_history_robust_scale,0.5,False,False,V0.4C audited normalized event-value table
release_payload_event_core_cpi_yoy_sa_actual_value,POST_RELEASE_IMMEDIATE,event_value,available_from_utc == event_timestamp_utc,candidate_history_robust_scale,0.5,False,True,V0.4C audited normalized event-value table
release_payload_event_core_cpi_yoy_sa_revision_raw,POST_RELEASE_IMMEDIATE,event_value,available_from_utc == event_timestamp_utc,candidate_history_robust_scale,0.25,False,True,V0.4C audited normalized event-value table
release_payload_event_core_cpi_yoy_sa_prior_period_newly_released_at_release,POST_RELEASE_IMMEDIATE,event_value,available_from_utc == event_timestamp_utc,candidate_history_robust_scale,0.5,False,True,V0.4C audited normalized event-value table
release_payload_event_core_cpi_yoy_sa_surprise_signed_raw,POST_RELEASE_IMMEDIATE,event_value,available_from_utc == event_timestamp_utc,candidate_history_robust_scale,0.5,False,False,V0.4C audited normalized event-value table
release_payload_event_core_cpi_yoy_sa_surprise_z_robust,POST_RELEASE_IMMEDIATE,event_value,available_from_utc == event_timestamp_utc,candidate_history_robust_scale,0.5,False,False,V0.4C audited normalized event-value table
release_payload_event_nonfarm_payroll_change_actual_value,POST_RELEASE_IMMEDIATE,event_value,available_from_utc == event_timestamp_utc,candidate_history_robust_scale,0.5,False,True,V0.4C audited normalized event-value table
release_payload_event_nonfarm_payroll_change_revision_raw,POST_RELEASE_IMMEDIATE,event_value,available_from_utc == event_timestamp_utc,candidate_history_robust_scale,0.25,False,True,V0.4C audited normalized event-value table
release_payload_event_nonfarm_payroll_change_prior_period_newly_released_at_release,POST_RELEASE_IMMEDIATE,event_value,available_from_utc == event_timestamp_utc,candidate_history_robust_scale,0.5,False,True,V0.4C audited normalized event-value table
release_payload_event_nonfarm_payroll_change_surprise_signed_raw,POST_RELEASE_IMMEDIATE,event_value,available_from_utc == event_timestamp_utc,candidate_history_robust_scale,0.5,False,False,V0.4C audited normalized event-value table
release_payload_event_nonfarm_payroll_change_surprise_z_robust,POST_RELEASE_IMMEDIATE,event_value,available_from_utc == event_timestamp_utc,candidate_history_robust_scale,0.5,False,False,V0.4C audited normalized event-value table
release_payload_event_unemployment_rate_actual_value,POST_RELEASE_IMMEDIATE,event_value,available_from_utc == event_timestamp_utc,candidate_history_robust_scale,0.5,False,True,V0.4C audited normalized event-value table
release_payload_event_unemployment_rate_revision_raw,POST_RELEASE_IMMEDIATE,event_value,available_from_utc == event_timestamp_utc,candidate_history_robust_scale,0.25,False,True,V0.4C audited normalized event-value table
release_payload_event_unemployment_rate_prior_period_newly_released_at_release,POST_RELEASE_IMMEDIATE,event_value,available_from_utc == event_timestamp_utc,candidate_history_robust_scale,0.5,False,True,V0.4C audited normalized event-value table
release_payload_event_unemployment_rate_surprise_signed_raw,POST_RELEASE_IMMEDIATE,event_value,available_from_utc == event_timestamp_utc,candidate_history_robust_scale,0.5,False,False,V0.4C audited normalized event-value table
release_payload_event_unemployment_rate_surprise_z_robust,POST_RELEASE_IMMEDIATE,event_value,available_from_utc == event_timestamp_utc,candidate_history_robust_scale,0.5,False,False,V0.4C audited normalized event-value table
