event_id,event_timestamp_utc,event_type,measure_id,revision_reference_period,value_pre_release,value_released_at_T,revision_raw,pre_release_available_from_utc,released_available_from_utc,source_series_id,source_vintage,component_status
bls:us_employment_situation:20150109T1330Z,2015-01-09 13:30:00+00:00,us_employment_situation,nonfarm_payroll_change,2014-10-01 00:00:00+00:00,243.0,261.0,18.0,2015-01-02 00:00:00+00:00,2015-01-09 13:30:00+00:00,PAYEMS,2015-01-09 00:00:00+00:00,REVISION
bls:us_employment_situation:20150109T1330Z,2015-01-09 13:30:00+00:00,us_employment_situation,nonfarm_payroll_change,2014-11-01 00:00:00+00:00,321.0,353.0,32.0,2015-01-02 00:00:00+00:00,2015-01-09 13:30:00+00:00,PAYEMS,2015-01-09 00:00:00+00:00,REVISION
bls:us_employment_situation:20150109T1330Z,2015-01-09 13:30:00+00:00,us_employment_situation,unemployment_rate,2013-01-01 00:00:00+00:00,7.9,8.0,0.09999999999999964,2015-01-02 00:00:00+00:00,2015-01-09 13:30:00+00:00,UNRATE,2015-01-09 00:00:00+00:00,REVISION
bls:us_employment_situation:20150109T1330Z,2015-01-09 13:30:00+00:00,us_employment_situation,unemployment_rate,2013-04-01 00:00:00+00:00,7.5,7.6,0.09999999999999964,2015-01-02 00:00:00+00:00,2015-01-09 13:30:00+00:00,UNRATE,2015-01-09 00:00:00+00:00,REVISION
bls:us_employment_situation:20150109T1330Z,2015-01-09 13:30:00+00:00,us_employment_situation,unemployment_rate,2014-03-01 00:00:00+00:00,6.7,6.6,-0.10000000000000053,2015-01-02 00:00:00+00:00,2015-01-09 13:30:00+00:00,UNRATE,2015-01-09 00:00:00+00:00,REVISION
bls:us_employment_situation:20150109T1330Z,2015-01-09 13:30:00+00:00,us_employment_situation,unemployment_rate,2014-04-01 00:00:00+00:00,6.3,6.2,-0.09999999999999964,2015-01-02 00:00:00+00:00,2015-01-09 13:30:00+00:00,UNRATE,2015-01-09 00:00:00+00:00,REVISION
bls:us_employment_situation:20150109T1330Z,2015-01-09 13:30:00+00:00,us_employment_situation,unemployment_rate,2014-10-01 00:00:00+00:00,5.8,5.7,-0.09999999999999964,2015-01-02 00:00:00+00:00,2015-01-09 13:30:00+00:00,UNRATE,2015-01-09 00:00:00+00:00,REVISION
bls:us_employment_situation:20150206T1330Z,2015-02-06 13:30:00+00:00,us_employment_situation,nonfarm_payroll_change,2013-02-01 00:00:00+00:00,280.0,314.0,34.0,2015-01-02 00:00:00+00:00,2015-02-06 13:30:00+00:00,PAYEMS,2015-02-06 00:00:00+00:00,REVISION
bls:us_employment_situation:20150206T1330Z,2015-02-06 13:30:00+00:00,us_employment_situation,nonfarm_payroll_change,2013-03-01 00:00:00+00:00,141.0,115.0,-26.0,2015-01-02 00:00:00+00:00,2015-02-06 13:30:00+00:00,PAYEMS,2015-02-06 00:00:00+00:00,REVISION
bls:us_employment_situation:20150206T1330Z,2015-02-06 13:30:00+00:00,us_employment_situation,nonfarm_payroll_change,2013-04-01 00:00:00+00:00,203.0,187.0,-16.0,2015-01-02 00:00:00+00:00,2015-02-06 13:30:00+00:00,PAYEMS,2015-02-06 00:00:00+00:00,REVISION
bls:us_employment_situation:20150206T1330Z,2015-02-06 13:30:00+00:00,us_employment_situation,nonfarm_payroll_change,2013-05-01 00:00:00+00:00,199.0,219.0,20.0,2015-01-02 00:00:00+00:00,2015-02-06 13:30:00+00:00,PAYEMS,2015-02-06 00:00:00+00:00,REVISION
bls:us_employment_situation:20150206T1330Z,2015-02-06 13:30:00+00:00,us_employment_situation,nonfarm_payroll_change,2013-06-01 00:00:00+00:00,201.0,127.0,-74.0,2015-01-02 00:00:00+00:00,2015-02-06 13:30:00+00:00,PAYEMS,2015-02-06 00:00:00+00:00,REVISION
bls:us_employment_situation:20150206T1330Z,2015-02-06 13:30:00+00:00,us_employment_situation,nonfarm_payroll_change,2013-07-01 00:00:00+00:00,149.0,164.0,15.0,2015-01-02 00:00:00+00:00,2015-02-06 13:30:00+00:00,PAYEMS,2015-02-06 00:00:00+00:00,REVISION
bls:us_employment_situation:20150206T1330Z,2015-02-06 13:30:00+00:00,us_employment_situation,nonfarm_payroll_change,2013-08-01 00:00:00+00:00,202.0,256.0,54.0,2015-01-02 00:00:00+00:00,2015-02-06 13:30:00+00:00,PAYEMS,2015-02-06 00:00:00+00:00,REVISION
bls:us_employment_situation:20150206T1330Z,2015-02-06 13:30:00+00:00,us_employment_situation,nonfarm_payroll_change,2013-09-01 00:00:00+00:00,164.0,150.0,-14.0,2015-01-02 00:00:00+00:00,2015-02-06 13:30:00+00:00,PAYEMS,2015-02-06 00:00:00+00:00,REVISION
bls:us_employment_situation:20150206T1330Z,2015-02-06 13:30:00+00:00,us_employment_situation,nonfarm_payroll_change,2013-10-01 00:00:00+00:00,237.0,225.0,-12.0,2015-01-02 00:00:00+00:00,2015-02-06 13:30:00+00:00,PAYEMS,2015-02-06 00:00:00+00:00,REVISION
bls:us_employment_situation:20150206T1330Z,2015-02-06 13:30:00+00:00,us_employment_situation,nonfarm_payroll_change,2013-11-01 00:00:00+00:00,274.0,317.0,43.0,2015-01-02 00:00:00+00:00,2015-02-06 13:30:00+00:00,PAYEMS,2015-02-06 00:00:00+00:00,REVISION
bls:us_employment_situation:20150206T1330Z,2015-02-06 13:30:00+00:00,us_employment_situation,nonfarm_payroll_change,2013-12-01 00:00:00+00:00,84.0,109.0,25.0,2015-01-02 00:00:00+00:00,2015-02-06 13:30:00+00:00,PAYEMS,2015-02-06 00:00:00+00:00,REVISION
bls:us_employment_situation:20150206T1330Z,2015-02-06 13:30:00+00:00,us_employment_situation,nonfarm_payroll_change,2014-01-01 00:00:00+00:00,144.0,166.0,22.0,2015-01-02 00:00:00+00:00,2015-02-06 13:30:00+00:00,PAYEMS,2015-02-06 00:00:00+00:00,REVISION
bls:us_employment_situation:20150206T1330Z,2015-02-06 13:30:00+00:00,us_employment_situation,nonfarm_payroll_change,2014-02-01 00:00:00+00:00,222.0,188.0,-34.0,2015-01-02 00:00:00+00:00,2015-02-06 13:30:00+00:00,PAYEMS,2015-02-06 00:00:00+00:00,REVISION
bls:us_employment_situation:20150206T1330Z,2015-02-06 13:30:00+00:00,us_employment_situation,nonfarm_payroll_change,2014-03-01 00:00:00+00:00,203.0,225.0,22.0,2015-01-02 00:00:00+00:00,2015-02-06 13:30:00+00:00,PAYEMS,2015-02-06 00:00:00+00:00,REVISION
bls:us_employment_situation:20150206T1330Z,2015-02-06 13:30:00+00:00,us_employment_situation,nonfarm_payroll_change,2014-04-01 00:00:00+00:00,304.0,330.0,26.0,2015-01-02 00:00:00+00:00,2015-02-06 13:30:00+00:00,PAYEMS,2015-02-06 00:00:00+00:00,REVISION
bls:us_employment_situation:20150206T1330Z,2015-02-06 13:30:00+00:00,us_employment_situation,nonfarm_payroll_change,2014-05-01 00:00:00+00:00,229.0,236.0,7.0,2015-01-02 00:00:00+00:00,2015-02-06 13:30:00+00:00,PAYEMS,2015-02-06 00:00:00+00:00,REVISION
bls:us_employment_situation:20150206T1330Z,2015-02-06 13:30:00+00:00,us_employment_situation,nonfarm_payroll_change,2014-06-01 00:00:00+00:00,267.0,286.0,19.0,2015-01-02 00:00:00+00:00,2015-02-06 13:30:00+00:00,PAYEMS,2015-02-06 00:00:00+00:00,REVISION
bls:us_employment_situation:20150206T1330Z,2015-02-06 13:30:00+00:00,us_employment_situation,nonfarm_payroll_change,2014-07-01 00:00:00+00:00,243.0,249.0,6.0,2015-01-02 00:00:00+00:00,2015-02-06 13:30:00+00:00,PAYEMS,2015-02-06 00:00:00+00:00,REVISION
bls:us_employment_situation:20150206T1330Z,2015-02-06 13:30:00+00:00,us_employment_situation,nonfarm_payroll_change,2014-08-01 00:00:00+00:00,203.0,213.0,10.0,2015-01-02 00:00:00+00:00,2015-02-06 13:30:00+00:00,PAYEMS,2015-02-06 00:00:00+00:00,REVISION
bls:us_employment_situation:20150206T1330Z,2015-02-06 13:30:00+00:00,us_employment_situation,nonfarm_payroll_change,2014-09-01 00:00:00+00:00,271.0,250.0,-21.0,2015-01-02 00:00:00+00:00,2015-02-06 13:30:00+00:00,PAYEMS,2015-02-06 00:00:00+00:00,REVISION
bls:us_employment_situation:20150206T1330Z,2015-02-06 13:30:00+00:00,us_employment_situation,nonfarm_payroll_change,2014-10-01 00:00:00+00:00,261.0,221.0,-40.0,2015-01-10 00:00:00+00:00,2015-02-06 13:30:00+00:00,PAYEMS,2015-02-06 00:00:00+00:00,REVISION
bls:us_employment_situation:20150206T1330Z,2015-02-06 13:30:00+00:00,us_employment_situation,nonfarm_payroll_change,2014-11-01 00:00:00+00:00,353.0,423.0,70.0,2015-01-10 00:00:00+00:00,2015-02-06 13:30:00+00:00,PAYEMS,2015-02-06 00:00:00+00:00,REVISION
bls:us_employment_situation:20150206T1330Z,2015-02-06 13:30:00+00:00,us_employment_situation,nonfarm_payroll_change,2014-12-01 00:00:00+00:00,252.0,329.0,77.0,2015-01-10 00:00:00+00:00,2015-02-06 13:30:00+00:00,PAYEMS,2015-02-06 00:00:00+00:00,REVISION
