reference_period_server,mt5_actual_value,measure_id,reference_month,v04c_actual_value,event_id,actual_difference
2015-02-01,0.0,headline_cpi_yoy_sa,2015-02,-0.07223100324613707,840030007,0.07223100324613707
2015-03-01,-0.1,headline_cpi_yoy_sa,2015-03,-0.021205309809568806,840030007,-0.0787946901904312
2015-04-01,-0.2,headline_cpi_yoy_sa,2015-04,-0.10921097189299234,840030007,-0.09078902810700767
2015-05-01,0.0,headline_cpi_yoy_sa,2015-05,0.03418442709433034,840030007,-0.03418442709433034
2015-06-01,0.1,headline_cpi_yoy_sa,2015-06,0.18453915769249818,840030007,-0.08453915769249817
2015-08-01,0.2,headline_cpi_yoy_sa,2015-08,0.21987372003589023,840030007,-0.01987372003589022
2015-09-01,0.0,headline_cpi_yoy_sa,2015-09,-0.02524976223140518,840030007,0.02524976223140518
2015-10-01,0.2,headline_cpi_yoy_sa,2015-10,0.12155472275849899,840030007,0.07844527724150102
2015-11-01,0.5,headline_cpi_yoy_sa,2015-11,0.440381832983916,840030007,0.05961816701608402
2015-12-01,0.7,headline_cpi_yoy_sa,2015-12,0.6614921027238374,840030007,0.03850789727616255
2016-02-01,1.0,headline_cpi_yoy_sa,2016-02,0.9735998130960155,840030007,0.02640018690398449
2016-03-01,0.9,headline_cpi_yoy_sa,2016-03,0.8738271594469493,840030007,0.02617284055305069
2016-04-01,1.1,headline_cpi_yoy_sa,2016-04,1.1401499595676379,840030007,-0.04014995956763778
2016-05-01,1.0,headline_cpi_yoy_sa,2016-05,1.0697580168526954,840030007,-0.06975801685269545
2016-07-01,0.8,headline_cpi_yoy_sa,2016-07,0.8808163746035547,840030007,-0.08081637460355462
2016-08-01,1.1,headline_cpi_yoy_sa,2016-08,1.094643315397792,840030007,0.005356684602208173
2016-09-01,1.5,headline_cpi_yoy_sa,2016-09,1.4792264062756688,840030007,0.020773593724331185
2016-10-01,1.6,headline_cpi_yoy_sa,2016-10,1.644890291617096,840030007,-0.0448902916170959
2016-11-01,1.7,headline_cpi_yoy_sa,2016-11,1.69784559088888,840030007,0.0021544091111198593
2016-12-01,2.1,headline_cpi_yoy_sa,2016-12,2.0966976277196014,840030007,0.0033023722803986466
2017-01-01,2.5,headline_cpi_yoy_sa,2017-01,2.54172511402484,840030007,-0.041725114024839804
2017-02-01,2.7,headline_cpi_yoy_sa,2017-02,2.795532530444733,840030007,-0.09553253044473298
2017-03-01,2.4,headline_cpi_yoy_sa,2017-03,2.383252547484438,840030007,0.016747452515561978
2017-04-01,2.2,headline_cpi_yoy_sa,2017-04,2.1974986187151435,840030007,0.002501381284856663
2017-05-01,1.9,headline_cpi_yoy_sa,2017-05,1.8733132243213158,840030007,0.02668677567868416
2017-07-01,1.7,headline_cpi_yoy_sa,2017-07,1.7299018749635353,840030007,-0.029901874963535358
2017-08-01,1.9,headline_cpi_yoy_sa,2017-08,1.9306207854768775,840030007,-0.030620785476877632
2017-09-01,2.2,headline_cpi_yoy_sa,2017-09,2.226915512476868,840030007,-0.026915512476867853
2017-10-01,2.0,headline_cpi_yoy_sa,2017-10,2.045975489668761,840030007,-0.04597548966876097
2017-11-01,2.2,headline_cpi_yoy_sa,2017-11,2.2266813653235573,840030007,-0.026681365323557138
2017-12-01,2.1,headline_cpi_yoy_sa,2017-12,2.11760926773219,840030007,-0.01760926773218996
2018-04-01,2.5,headline_cpi_yoy_sa,2018-04,2.4278228664369683,840030007,0.07217713356303168
2018-05-01,2.8,headline_cpi_yoy_sa,2018-05,2.71574467736182,840030007,0.08425532263817992
2018-07-01,2.9,headline_cpi_yoy_sa,2018-07,2.8865523510047675,840030007,0.01344764899523243
2018-08-01,2.7,headline_cpi_yoy_sa,2018-08,2.684476192806051,840030007,0.015523807193948969
2018-09-01,2.3,headline_cpi_yoy_sa,2018-09,2.273612779635714,840030007,0.026387220364285646
2018-10-01,2.5,headline_cpi_yoy_sa,2018-10,2.53221024969279,840030007,-0.03221024969279007
2018-11-01,2.2,headline_cpi_yoy_sa,2018-11,2.208875110645847,840030007,-0.008875110645846895
2018-12-01,1.9,headline_cpi_yoy_sa,2018-12,1.9454640797063494,840030007,-0.04546407970634947
2019-01-01,1.6,headline_cpi_yoy_sa,2019-01,1.5223959756352379,840030007,0.07760402436476221
2019-02-01,1.5,headline_cpi_yoy_sa,2019-02,1.5013895071159578,840030007,-0.0013895071159577554
2019-03-01,1.9,headline_cpi_yoy_sa,2019-03,1.863742394728618,840030007,0.03625760527138189
2019-04-01,2.0,headline_cpi_yoy_sa,2019-04,2.0011522027876927,840030007,-0.00115220278769268
2019-05-01,1.8,headline_cpi_yoy_sa,2019-05,1.7989515092999842,840030007,0.0010484907000158916
2019-06-01,1.6,headline_cpi_yoy_sa,2019-06,1.6608663104159538,840030007,-0.060866310415953695
2019-07-01,1.8,headline_cpi_yoy_sa,2019-07,1.8140120907641943,840030007,-0.014012090764194296
2019-08-01,1.7,headline_cpi_yoy_sa,2019-08,1.7552078577412145,840030007,-0.055207857741214506
2019-09-01,1.7,headline_cpi_yoy_sa,2019-09,1.7253283599857117,840030007,-0.0253283599857117
2019-10-01,1.8,headline_cpi_yoy_sa,2019-10,1.7710072232727025,840030007,0.028992776727297498
2019-11-01,2.1,headline_cpi_yoy_sa,2019-11,2.047792372210777,840030007,0.05220762778922294
2019-12-01,2.3,headline_cpi_yoy_sa,2019-12,2.2862976460393147,840030007,0.013702353960685087
2020-02-01,2.3,headline_cpi_yoy_sa,2020-02,2.318104439116686,840030007,-0.018104439116686244
2020-04-01,0.3,headline_cpi_yoy_sa,2020-04,0.37616251475818263,840030007,-0.07616251475818264
2020-05-01,0.1,headline_cpi_yoy_sa,2020-05,0.23553202412538443,840030007,-0.13553202412538443
2020-07-01,1.0,headline_cpi_yoy_sa,2020-07,1.0293376860207815,840030007,-0.02933768602078146
2020-08-01,1.3,headline_cpi_yoy_sa,2020-08,1.321529181330816,840030007,-0.02152918133081605
2020-09-01,1.4,headline_cpi_yoy_sa,2020-09,1.4092356377609638,840030007,-0.009235637760963922
2020-10-01,1.2,headline_cpi_yoy_sa,2020-10,1.203596795073647,840030007,-0.0035967950736470744
2020-11-01,1.2,headline_cpi_yoy_sa,2020-11,1.1608694303090417,840030007,0.039130569690958295
2020-12-01,1.4,headline_cpi_yoy_sa,2020-12,1.288867220751877,840030007,0.11113277924812293
2021-01-01,1.4,headline_cpi_yoy_sa,2021-01,1.3699953998461467,840030007,0.0300046001538532
2021-02-01,1.7,headline_cpi_yoy_sa,2021-02,1.6756560442617419,840030007,0.024343955738258094
2021-03-01,2.6,headline_cpi_yoy_sa,2021-03,2.6373217462760223,840030007,-0.03732174627602225
2021-04-01,4.2,headline_cpi_yoy_sa,2021-04,4.153135148638509,840030007,0.04686485136149088
2021-05-01,5.0,headline_cpi_yoy_sa,2021-05,4.926506786693863,840030007,0.07349321330613723
2021-07-01,5.4,headline_cpi_yoy_sa,2021-07,5.282594236748084,840030007,0.11740576325191654
2021-08-01,5.3,headline_cpi_yoy_sa,2021-08,5.2024769662943005,840030007,0.09752303370569937
2021-09-01,5.4,headline_cpi_yoy_sa,2021-09,5.3773030071228245,840030007,0.02269699287717586
2021-10-01,6.2,headline_cpi_yoy_sa,2021-10,6.2435211278420555,840030007,-0.04352112784205531
2021-11-01,6.8,headline_cpi_yoy_sa,2021-11,6.880468483522195,840030007,-0.08046848352219538
2021-12-01,7.0,headline_cpi_yoy_sa,2021-12,7.123413365958098,840030007,-0.12341336595809782
2022-01-01,7.5,headline_cpi_yoy_sa,2022-01,7.5259344012204465,840030007,-0.025934401220446546
2022-02-01,7.9,headline_cpi_yoy_sa,2022-02,7.912024484898206,840030007,-0.012024484898205401
2022-03-01,8.5,headline_cpi_yoy_sa,2022-03,8.557586368232784,840030007,-0.057586368232783514
2022-04-01,8.3,headline_cpi_yoy_sa,2022-04,8.224139288485999,840030007,0.07586071151400198
2022-05-01,8.6,headline_cpi_yoy_sa,2022-05,8.516412942713858,840030007,0.08358705728614169
2022-07-01,8.5,headline_cpi_yoy_sa,2022-07,8.482129735766986,840030007,0.01787026423301441
2022-08-01,8.3,headline_cpi_yoy_sa,2022-08,8.24923469014105,840030007,0.05076530985895111
2022-09-01,8.2,headline_cpi_yoy_sa,2022-09,8.222410234342536,840030007,-0.022410234342537194
2022-10-01,7.7,headline_cpi_yoy_sa,2022-10,7.76311508008245,840030007,-0.06311508008244981
2022-11-01,7.1,headline_cpi_yoy_sa,2022-11,7.117878531114008,840030007,-0.01787853111400839
2022-12-01,6.5,headline_cpi_yoy_sa,2022-12,6.420682121616728,840030007,0.07931787838327242
2023-01-01,6.4,headline_cpi_yoy_sa,2023-01,6.347156217821026,840030007,0.05284378217897423
2023-02-01,6.0,headline_cpi_yoy_sa,2023-02,5.986437581251547,840030007,0.013562418748453098
2023-03-01,5.0,headline_cpi_yoy_sa,2023-03,4.986920465297495,840030007,0.01307953470250478
2023-04-01,4.9,headline_cpi_yoy_sa,2023-04,4.957191513836978,840030007,-0.05719151383697785
2023-05-01,4.0,headline_cpi_yoy_sa,2023-05,4.128843539283422,840030007,-0.12884353928342218
2023-07-01,3.2,headline_cpi_yoy_sa,2023-07,3.299075444289068,840030007,-0.09907544428906778
2023-09-01,3.7,headline_cpi_yoy_sa,2023-09,3.6899025086076342,840030007,0.010097491392365932
2023-10-01,3.2,headline_cpi_yoy_sa,2023-10,3.232355773909612,840030007,-0.03235577390961186
2023-11-01,3.1,headline_cpi_yoy_sa,2023-11,3.1209184254415545,840030007,-0.020918425441554422
2024-01-01,3.1,headline_cpi_yoy_sa,2024-01,3.1059809026621865,840030007,-0.005980902662186427
2024-02-01,3.2,headline_cpi_yoy_sa,2024-02,3.1657429794798686,840030007,0.034257020520131576
2024-03-01,3.5,headline_cpi_yoy_sa,2024-03,3.475131237075124,840030007,0.02486876292487583
2024-04-01,3.4,headline_cpi_yoy_sa,2024-04,3.3577311967053047,840030007,0.04226880329469518
2024-05-01,3.3,headline_cpi_yoy_sa,2024-05,3.2502101428971697,840030007,0.049789857102830126
2024-07-01,2.9,headline_cpi_yoy_sa,2024-07,2.923565791719729,840030007,-0.023565791719728946
2024-08-01,2.5,headline_cpi_yoy_sa,2024-08,2.5912269299480206,840030007,-0.09122692994802062
2024-09-01,2.4,headline_cpi_yoy_sa,2024-09,2.4075134727031156,840030007,-0.007513472703115642
2024-10-01,2.6,headline_cpi_yoy_sa,2024-10,2.5763256387161038,840030007,0.023674361283896328
2024-11-01,2.7,headline_cpi_yoy_sa,2024-11,2.732579279536651,840030007,-0.03257927953665085
2024-12-01,2.9,headline_cpi_yoy_sa,2024-12,2.8965932720523835,840030007,0.003406727947616428
2025-01-01,3.0,headline_cpi_yoy_sa,2025-01,2.999412512831112,840030007,0.0005874871688877903
2025-02-01,2.8,headline_cpi_yoy_sa,2025-02,2.8142703731568686,840030007,-0.014270373156868743
2025-03-01,2.4,headline_cpi_yoy_sa,2025-03,2.4055852640280317,840030007,-0.005585264028031833
2025-04-01,2.3,headline_cpi_yoy_sa,2025-04,2.3337465177498906,840030007,-0.03374651774989079
2025-05-01,2.4,headline_cpi_yoy_sa,2025-05,2.3759340869898393,840030007,0.02406591301016059
2025-07-01,2.7,headline_cpi_yoy_sa,2025-07,2.7318012794754543,840030007,-0.03180127947545408
2025-08-01,2.9,headline_cpi_yoy_sa,2025-08,2.9392196249335534,840030007,-0.039219624933553465
2025-09-01,3.0,headline_cpi_yoy_sa,2025-09,3.022699626172387,840030007,-0.022699626172387077
2025-11-01,2.7,headline_cpi_yoy_sa,2025-11,2.711969385272184,840030007,-0.011969385272183608
2025-12-01,2.7,headline_cpi_yoy_sa,2025-12,2.653312468710922,840030007,0.04668753128907799
2026-01-01,2.4,headline_cpi_yoy_sa,2026-01,2.391201432150014,840030007,0.008798567849985783
2026-02-01,2.4,headline_cpi_yoy_sa,2026-02,2.4340041103732224,840030007,-0.034004110373222485
2026-03-01,3.3,headline_cpi_yoy_sa,2026-03,3.2859577528651984,840030007,0.0140422471348014
2026-05-01,4.2,headline_cpi_yoy_sa,2026-05,4.166614684049641,840030007,0.03338531595035921
2026-06-01,3.5,headline_cpi_yoy_sa,2026-06,3.463530729385411,840030007,0.03646927061458882
2026-07-01,3.4,headline_cpi_yoy_sa,2026-07,3.303856050706311,840030007,0.09614394929368908
2015-02-01,1.7,core_cpi_yoy_sa,2015-02,1.69400410590701,840030008,0.005995894092990062
2015-03-01,1.8,core_cpi_yoy_sa,2015-03,1.7541264864225248,840030008,0.04587351357747527
2015-04-01,1.8,core_cpi_yoy_sa,2015-04,1.813082535532029,840030008,-0.013082535532028983
2015-05-01,1.7,core_cpi_yoy_sa,2015-05,1.7260096441104489,840030008,-0.026009644110448926
2015-06-01,1.8,core_cpi_yoy_sa,2015-06,1.76860629286002,840030008,0.03139370713998013
2015-08-01,1.8,core_cpi_yoy_sa,2015-08,1.8263824788117944,840030008,-0.02638247881179434
2015-09-01,1.9,core_cpi_yoy_sa,2015-09,1.8937013482148046,840030008,0.006298651785195286
2015-10-01,1.9,core_cpi_yoy_sa,2015-10,1.9145199063231866,840030008,-0.014519906323186671
2015-11-01,2.0,core_cpi_yoy_sa,2015-11,2.018771102864969,840030008,-0.01877110286496908
2015-12-01,2.1,core_cpi_yoy_sa,2015-12,2.0885798408820433,840030008,0.011420159117956796
2016-02-01,2.3,core_cpi_yoy_sa,2016-02,2.3391204474332516,840030008,-0.039120447433251826
2016-03-01,2.2,core_cpi_yoy_sa,2016-03,2.200193524005689,840030008,-0.00019352400568894979
2016-04-01,2.1,core_cpi_yoy_sa,2016-04,2.1467157155166783,840030008,-0.04671571551667819
2016-05-01,2.2,core_cpi_yoy_sa,2016-05,2.235261014929324,840030008,-0.035261014929323764
2016-07-01,2.2,core_cpi_yoy_sa,2016-07,2.164857463376002,840030008,0.03514253662399813
2016-08-01,2.3,core_cpi_yoy_sa,2016-08,2.3006924734194856,840030008,-0.0006924734194857507
2016-09-01,2.2,core_cpi_yoy_sa,2016-09,2.214830773278953,840030008,-0.014830773278952769
2016-10-01,2.1,core_cpi_yoy_sa,2016-10,2.166589386174045,840030008,-0.06658938617404475
2016-11-01,2.1,core_cpi_yoy_sa,2016-11,2.137307025915569,840030008,-0.037307025915569
2016-12-01,2.2,core_cpi_yoy_sa,2016-12,2.2141700338628167,840030008,-0.014170033862816567
2017-01-01,2.3,core_cpi_yoy_sa,2017-01,2.26357082273112,840030008,0.03642917726887962
2017-02-01,2.2,core_cpi_yoy_sa,2017-02,2.2184709878175335,840030008,-0.018470987817533313
2017-03-01,2.0,core_cpi_yoy_sa,2017-03,2.003966479992836,840030008,-0.003966479992835836
2017-04-01,1.9,core_cpi_yoy_sa,2017-04,1.8883079057428143,840030008,0.011692094257185648
2017-05-01,1.7,core_cpi_yoy_sa,2017-05,1.7419219029575883,840030008,-0.04192190295758835
2017-07-01,1.7,core_cpi_yoy_sa,2017-07,1.6991986435477502,840030008,0.0008013564522497685
2017-08-01,1.7,core_cpi_yoy_sa,2017-08,1.6867256423368504,840030008,0.01327435766314955
2017-09-01,1.7,core_cpi_yoy_sa,2017-09,1.694778922645046,840030008,0.005221077354953918
2017-10-01,1.8,core_cpi_yoy_sa,2017-10,1.7738172209259773,840030008,0.026182779074022777
2017-11-01,1.7,core_cpi_yoy_sa,2017-11,1.7076612256678336,840030008,-0.007661225667833671
2017-12-01,1.8,core_cpi_yoy_sa,2017-12,1.7651082143728347,840030008,0.03489178562716533
2018-04-01,2.1,core_cpi_yoy_sa,2018-04,2.120457939273268,840030008,-0.020457939273268
2018-05-01,2.2,core_cpi_yoy_sa,2018-05,2.2114263660272693,840030008,-0.011426366027269097
2018-07-01,2.4,core_cpi_yoy_sa,2018-07,2.3328704622098684,840030008,0.06712953779013153
2018-08-01,2.2,core_cpi_yoy_sa,2018-08,2.1895411899766515,840030008,0.010458810023348697
2018-09-01,2.2,core_cpi_yoy_sa,2018-09,2.1736122367489674,840030008,0.02638776325103276
2018-10-01,2.1,core_cpi_yoy_sa,2018-10,2.1520095942939355,840030008,-0.05200959429393537
2018-11-01,2.2,core_cpi_yoy_sa,2018-11,2.2420022774645165,840030008,-0.04200227746451635
2018-12-01,2.2,core_cpi_yoy_sa,2018-12,2.212674627945188,840030008,-0.012674627945187922
2019-01-01,2.2,core_cpi_yoy_sa,2019-01,2.1483594417321727,840030008,0.05164055826782743
2019-02-01,2.1,core_cpi_yoy_sa,2019-02,2.0836103918454807,840030008,0.016389608154519397
2019-03-01,2.0,core_cpi_yoy_sa,2019-03,2.0418202261228036,840030008,-0.04182022612280356
2019-04-01,2.1,core_cpi_yoy_sa,2019-04,2.0727712346930716,840030008,0.027228765306928526
2019-05-01,2.0,core_cpi_yoy_sa,2019-05,1.9952823211602633,840030008,0.0047176788397367275
2019-06-01,2.1,core_cpi_yoy_sa,2019-06,2.128031648447304,840030008,-0.02803164844730377
2019-07-01,2.2,core_cpi_yoy_sa,2019-07,2.2076501884626953,840030008,-0.007650188462695162
2019-08-01,2.4,core_cpi_yoy_sa,2019-08,2.3860171182585876,840030008,0.013982881741412267
2019-09-01,2.4,core_cpi_yoy_sa,2019-09,2.359417553849985,840030008,0.04058244615001483
2019-10-01,2.3,core_cpi_yoy_sa,2019-10,2.3200593045613616,840030008,-0.020059304561361735
2019-11-01,2.3,core_cpi_yoy_sa,2019-11,2.3150109780054606,840030008,-0.015010978005460807
2019-12-01,2.3,core_cpi_yoy_sa,2019-12,2.246633702197043,840030008,0.053366297802956986
2020-02-01,2.4,core_cpi_yoy_sa,2020-02,2.3656754747065856,840030008,0.03432452529341434
2020-04-01,1.4,core_cpi_yoy_sa,2020-04,1.4383103863119917,840030008,-0.038310386311991795
2020-05-01,1.2,core_cpi_yoy_sa,2020-05,1.2364654327438274,840030008,-0.03646543274382741
2020-07-01,1.6,core_cpi_yoy_sa,2020-07,1.566086339614614,840030008,0.03391366038538601
2020-08-01,1.7,core_cpi_yoy_sa,2020-08,1.7287455522749573,840030008,-0.028745552274957342
2020-09-01,1.7,core_cpi_yoy_sa,2020-09,1.7311339645310175,840030008,-0.031133964531017577
2020-10-01,1.6,core_cpi_yoy_sa,2020-10,1.6261175076513146,840030008,-0.026117507651314487
2020-11-01,1.6,core_cpi_yoy_sa,2020-11,1.651971179016276,840030008,-0.051971179016276015
2020-12-01,1.6,core_cpi_yoy_sa,2020-12,1.6119203105720903,840030008,-0.011920310572090198
2021-01-01,1.4,core_cpi_yoy_sa,2021-01,1.3965137848940712,840030008,0.003486215105928725
2021-02-01,1.3,core_cpi_yoy_sa,2021-02,1.2826181447563645,840030008,0.017381855243635558
2021-03-01,1.6,core_cpi_yoy_sa,2021-03,1.646803088224269,840030008,-0.04680308822426893
2021-04-01,3.0,core_cpi_yoy_sa,2021-04,2.9582148392241825,840030008,0.04178516077581751
2021-05-01,3.8,core_cpi_yoy_sa,2021-05,3.795028554004154,840030008,0.004971445995845869
2021-07-01,4.3,core_cpi_yoy_sa,2021-07,4.2327488962431215,840030008,0.06725110375687837
2021-08-01,4.0,core_cpi_yoy_sa,2021-08,3.976862432720152,840030008,0.02313756727984817
2021-09-01,4.0,core_cpi_yoy_sa,2021-09,4.0355928739945535,840030008,-0.035592873994553464
2021-10-01,4.6,core_cpi_yoy_sa,2021-10,4.583255986634471,840030008,0.016744013365528332
2021-11-01,4.9,core_cpi_yoy_sa,2021-11,4.959621079316134,840030008,-0.05962107931613403
2021-12-01,5.5,core_cpi_yoy_sa,2021-12,5.489738460398619,840030008,0.010261539601381209
2022-01-01,6.0,core_cpi_yoy_sa,2022-01,6.040782780603737,840030008,-0.0407827806037373
2022-02-01,6.4,core_cpi_yoy_sa,2022-02,6.415744375688481,840030008,-0.01574437568848097
2022-03-01,6.5,core_cpi_yoy_sa,2022-03,6.436039462385801,840030008,0.06396053761419918
2022-04-01,6.2,core_cpi_yoy_sa,2022-04,6.133687045299241,840030008,0.06631295470075926
2022-05-01,6.0,core_cpi_yoy_sa,2022-05,6.011279763523936,840030008,-0.01127976352393567
2022-07-01,5.9,core_cpi_yoy_sa,2022-07,5.911533246770007,840030008,-0.011533246770006222
2022-08-01,6.3,core_cpi_yoy_sa,2022-08,6.317085920101961,840030008,-0.017085920101961527
2022-09-01,6.6,core_cpi_yoy_sa,2022-09,6.657810061531988,840030008,-0.05781006153198831
2022-10-01,6.3,core_cpi_yoy_sa,2022-10,6.306597326991015,840030008,-0.006597326991014896
2022-11-01,6.0,core_cpi_yoy_sa,2022-11,5.963365927558195,840030008,0.03663407244180483
2022-12-01,5.7,core_cpi_yoy_sa,2022-12,5.690206131263831,840030008,0.009793868736169387
2023-01-01,5.6,core_cpi_yoy_sa,2023-01,5.547574548801926,840030008,0.05242545119807396
2023-02-01,5.5,core_cpi_yoy_sa,2023-02,5.525998882514838,840030008,-0.025998882514837618
2023-03-01,5.6,core_cpi_yoy_sa,2023-03,5.602568449312573,840030008,-0.002568449312573051
2023-04-01,5.5,core_cpi_yoy_sa,2023-04,5.536655073861074,840030008,-0.03665507386107425
2023-05-01,5.3,core_cpi_yoy_sa,2023-05,5.32863873861853,840030008,-0.028638738618529835
2023-07-01,4.7,core_cpi_yoy_sa,2023-07,4.704924980927339,840030008,-0.004924980927338396
2023-09-01,4.1,core_cpi_yoy_sa,2023-09,4.130200878865997,840030008,-0.030200878865997538
2023-10-01,4.0,core_cpi_yoy_sa,2023-10,4.019603585304665,840030008,-0.019603585304665216
2023-11-01,4.0,core_cpi_yoy_sa,2023-11,3.993192589114125,840030008,0.006807410885874887
2024-01-01,3.9,core_cpi_yoy_sa,2024-01,3.8746783214242075,840030008,0.025321678575792372
2024-02-01,3.8,core_cpi_yoy_sa,2024-02,3.7619523615367356,840030008,0.0380476384632642
2024-03-01,3.8,core_cpi_yoy_sa,2024-03,3.797294108392979,840030008,0.0027058916070208383
2024-04-01,3.6,core_cpi_yoy_sa,2024-04,3.6155268986980627,840030008,-0.015526898698062563
2024-05-01,3.4,core_cpi_yoy_sa,2024-05,3.4110633650364264,840030008,-0.011063365036426465
2024-07-01,3.2,core_cpi_yoy_sa,2024-07,3.2131932868310065,840030008,-0.01319328683100629
2024-08-01,3.2,core_cpi_yoy_sa,2024-08,3.265559201178081,840030008,-0.06555920117808078
2024-09-01,3.3,core_cpi_yoy_sa,2024-09,3.258714155110032,840030008,0.041285844889968004
2024-10-01,3.3,core_cpi_yoy_sa,2024-10,3.300041748289928,840030008,-4.174828992820068e-05
2024-11-01,3.3,core_cpi_yoy_sa,2024-11,3.3001546347194877,840030008,-0.00015463471948784502
2024-12-01,3.2,core_cpi_yoy_sa,2024-12,3.2483102337416803,840030008,-0.048310233741680086
2025-01-01,3.3,core_cpi_yoy_sa,2025-01,3.2920999144371965,840030008,0.007900085562803305
2025-02-01,3.1,core_cpi_yoy_sa,2025-02,3.143667506456893,840030008,-0.04366750645689299
2025-03-01,2.8,core_cpi_yoy_sa,2025-03,2.8087333707957463,840030008,-0.008733370795746431
2025-04-01,2.8,core_cpi_yoy_sa,2025-04,2.781521177848578,840030008,0.018478822151421603
2025-05-01,2.8,core_cpi_yoy_sa,2025-05,2.7671488714145154,840030008,0.032851128585484446
2025-07-01,3.1,core_cpi_yoy_sa,2025-07,3.0486026845763847,840030008,0.051397315423615364
2025-08-01,3.1,core_cpi_yoy_sa,2025-08,3.1121908210068217,840030008,-0.012190821006821562
2025-09-01,3.0,core_cpi_yoy_sa,2025-09,3.0255427244533672,840030008,-0.02554272445336725
2025-11-01,2.6,core_cpi_yoy_sa,2025-11,2.6188786153326316,840030008,-0.018878615332631465
2025-12-01,2.6,core_cpi_yoy_sa,2025-12,2.648965653766222,840030008,-0.04896565376622197
2026-01-01,2.5,core_cpi_yoy_sa,2026-01,2.512028782828879,840030008,-0.012028782828878981
2026-02-01,2.5,core_cpi_yoy_sa,2026-02,2.4724624767640258,840030008,0.02753752323597425
2026-03-01,2.6,core_cpi_yoy_sa,2026-03,2.602167705486824,840030008,-0.002167705486824101
2026-05-01,2.9,core_cpi_yoy_sa,2026-05,2.8229420636110225,840030008,0.0770579363889774
2026-06-01,2.6,core_cpi_yoy_sa,2026-06,2.5657850563697515,840030008,0.03421494363024857
2026-07-01,2.5,core_cpi_yoy_sa,2026-07,2.4665177892309265,840030008,0.03348221076907354
2014-12-01,5.6,unemployment_rate,2014-12,5.6,840030015,0.0
2015-01-01,5.7,unemployment_rate,2015-01,5.7,840030015,0.0
2015-02-01,5.5,unemployment_rate,2015-02,5.5,840030015,0.0
2015-03-01,5.5,unemployment_rate,2015-03,5.5,840030015,0.0
2015-04-01,5.4,unemployment_rate,2015-04,5.4,840030015,0.0
2015-05-01,5.5,unemployment_rate,2015-05,5.5,840030015,0.0
2015-06-01,5.3,unemployment_rate,2015-06,5.3,840030015,0.0
2015-08-01,5.1,unemployment_rate,2015-08,5.1,840030015,0.0
2015-09-01,5.1,unemployment_rate,2015-09,5.1,840030015,0.0
2015-10-01,5.0,unemployment_rate,2015-10,5.0,840030015,0.0
2015-11-01,5.0,unemployment_rate,2015-11,5.0,840030015,0.0
2016-03-01,5.0,unemployment_rate,2016-03,5.0,840030015,0.0
2016-04-01,5.0,unemployment_rate,2016-04,5.0,840030015,0.0
2016-05-01,4.7,unemployment_rate,2016-05,4.7,840030015,0.0
2016-06-01,4.9,unemployment_rate,2016-06,4.9,840030015,0.0
2016-08-01,4.9,unemployment_rate,2016-08,4.9,840030015,0.0
2016-09-01,5.0,unemployment_rate,2016-09,5.0,840030015,0.0
2016-10-01,4.9,unemployment_rate,2016-10,4.9,840030015,0.0
2016-11-01,4.6,unemployment_rate,2016-11,4.6,840030015,0.0
2017-01-01,4.8,unemployment_rate,2017-01,4.8,840030015,0.0
2017-02-01,4.7,unemployment_rate,2017-02,4.7,840030015,0.0
2017-03-01,4.5,unemployment_rate,2017-03,4.5,840030015,0.0
2017-04-01,4.4,unemployment_rate,2017-04,4.4,840030015,0.0
2017-05-01,4.3,unemployment_rate,2017-05,4.3,840030015,0.0
2017-06-01,4.4,unemployment_rate,2017-06,4.4,840030015,0.0
2017-07-01,4.3,unemployment_rate,2017-07,4.3,840030015,0.0
2017-08-01,4.4,unemployment_rate,2017-08,4.4,840030015,0.0
2017-09-01,4.2,unemployment_rate,2017-09,4.2,840030015,0.0
2017-10-01,4.1,unemployment_rate,2017-10,4.1,840030015,0.0
2017-11-01,4.1,unemployment_rate,2017-11,4.1,840030015,0.0
2017-12-01,4.1,unemployment_rate,2017-12,4.1,840030015,0.0
2018-02-01,4.1,unemployment_rate,2018-02,4.1,840030015,0.0
2018-03-01,4.1,unemployment_rate,2018-03,4.1,840030015,0.0
2018-04-01,3.9,unemployment_rate,2018-04,3.9,840030015,0.0
2018-05-01,3.8,unemployment_rate,2018-05,3.8,840030015,0.0
2018-06-01,4.0,unemployment_rate,2018-06,4.0,840030015,0.0
2018-07-01,3.9,unemployment_rate,2018-07,3.9,840030015,0.0
2018-08-01,3.9,unemployment_rate,2018-08,3.9,840030015,0.0
2018-09-01,3.7,unemployment_rate,2018-09,3.7,840030015,0.0
2018-10-01,3.7,unemployment_rate,2018-10,3.7,840030015,0.0
2018-11-01,3.7,unemployment_rate,2018-11,3.7,840030015,0.0
2018-12-01,3.9,unemployment_rate,2018-12,3.9,840030015,0.0
2019-01-01,4.0,unemployment_rate,2019-01,4.0,840030015,0.0
2019-02-01,3.8,unemployment_rate,2019-02,3.8,840030015,0.0
2019-03-01,3.8,unemployment_rate,2019-03,3.8,840030015,0.0
2019-04-01,3.6,unemployment_rate,2019-04,3.6,840030015,0.0
2019-05-01,3.6,unemployment_rate,2019-05,3.6,840030015,0.0
2019-06-01,3.7,unemployment_rate,2019-06,3.7,840030015,0.0
2019-07-01,3.7,unemployment_rate,2019-07,3.7,840030015,0.0
2019-08-01,3.7,unemployment_rate,2019-08,3.7,840030015,0.0
2019-09-01,3.5,unemployment_rate,2019-09,3.5,840030015,0.0
2019-10-01,3.6,unemployment_rate,2019-10,3.6,840030015,0.0
2019-11-01,3.5,unemployment_rate,2019-11,3.5,840030015,0.0
2019-12-01,3.5,unemployment_rate,2019-12,3.5,840030015,0.0
2020-01-01,3.6,unemployment_rate,2020-01,3.6,840030015,0.0
2020-02-01,3.5,unemployment_rate,2020-02,3.5,840030015,0.0
2020-03-01,4.4,unemployment_rate,2020-03,4.4,840030015,0.0
2020-04-01,14.7,unemployment_rate,2020-04,14.7,840030015,0.0
2020-05-01,13.3,unemployment_rate,2020-05,13.3,840030015,0.0
2020-06-01,11.1,unemployment_rate,2020-06,11.1,840030015,0.0
2020-07-01,10.2,unemployment_rate,2020-07,10.2,840030015,0.0
2020-08-01,8.4,unemployment_rate,2020-08,8.4,840030015,0.0
2020-09-01,7.9,unemployment_rate,2020-09,7.9,840030015,0.0
2020-10-01,6.9,unemployment_rate,2020-10,6.9,840030015,0.0
2020-11-01,6.7,unemployment_rate,2020-11,6.7,840030015,0.0
2020-12-01,6.7,unemployment_rate,2020-12,6.7,840030015,0.0
2021-01-01,6.3,unemployment_rate,2021-01,6.3,840030015,0.0
2021-02-01,6.2,unemployment_rate,2021-02,6.2,840030015,0.0
2021-04-01,6.1,unemployment_rate,2021-04,6.1,840030015,0.0
2021-05-01,5.8,unemployment_rate,2021-05,5.8,840030015,0.0
2021-06-01,5.9,unemployment_rate,2021-06,5.9,840030015,0.0
2021-08-01,5.2,unemployment_rate,2021-08,5.2,840030015,0.0
2021-09-01,4.8,unemployment_rate,2021-09,4.8,840030015,0.0
2021-10-01,4.6,unemployment_rate,2021-10,4.6,840030015,0.0
2021-11-01,4.2,unemployment_rate,2021-11,4.2,840030015,0.0
2021-12-01,3.9,unemployment_rate,2021-12,3.9,840030015,0.0
2022-01-01,4.0,unemployment_rate,2022-01,4.0,840030015,0.0
2022-02-01,3.8,unemployment_rate,2022-02,3.8,840030015,0.0
2022-03-01,3.6,unemployment_rate,2022-03,3.6,840030015,0.0
2022-04-01,3.6,unemployment_rate,2022-04,3.6,840030015,0.0
2022-05-01,3.6,unemployment_rate,2022-05,3.6,840030015,0.0
2022-06-01,3.6,unemployment_rate,2022-06,3.6,840030015,0.0
2022-07-01,3.5,unemployment_rate,2022-07,3.5,840030015,0.0
2022-09-01,3.5,unemployment_rate,2022-09,3.5,840030015,0.0
2022-10-01,3.7,unemployment_rate,2022-10,3.7,840030015,0.0
2022-11-01,3.7,unemployment_rate,2022-11,3.7,840030015,0.0
2022-12-01,3.5,unemployment_rate,2022-12,3.5,840030015,0.0
2023-01-01,3.4,unemployment_rate,2023-01,3.4,840030015,0.0
2023-02-01,3.6,unemployment_rate,2023-02,3.6,840030015,0.0
2023-04-01,3.4,unemployment_rate,2023-04,3.4,840030015,0.0
2023-05-01,3.7,unemployment_rate,2023-05,3.7,840030015,0.0
2023-06-01,3.6,unemployment_rate,2023-06,3.6,840030015,0.0
2023-07-01,3.5,unemployment_rate,2023-07,3.5,840030015,0.0
2023-08-01,3.8,unemployment_rate,2023-08,3.8,840030015,0.0
2023-09-01,3.8,unemployment_rate,2023-09,3.8,840030015,0.0
2023-10-01,3.9,unemployment_rate,2023-10,3.9,840030015,0.0
2023-11-01,3.7,unemployment_rate,2023-11,3.7,840030015,0.0
2023-12-01,3.7,unemployment_rate,2023-12,3.7,840030015,0.0
2024-01-01,3.7,unemployment_rate,2024-01,3.7,840030015,0.0
2024-02-01,3.9,unemployment_rate,2024-02,3.9,840030015,0.0
2024-03-01,3.8,unemployment_rate,2024-03,3.8,840030015,0.0
2024-04-01,3.9,unemployment_rate,2024-04,3.9,840030015,0.0
2024-05-01,4.0,unemployment_rate,2024-05,4.0,840030015,0.0
2024-06-01,4.1,unemployment_rate,2024-06,4.1,840030015,0.0
2024-07-01,4.3,unemployment_rate,2024-07,4.3,840030015,0.0
2024-08-01,4.2,unemployment_rate,2024-08,4.2,840030015,0.0
2024-09-01,4.1,unemployment_rate,2024-09,4.1,840030015,0.0
2024-10-01,4.1,unemployment_rate,2024-10,4.1,840030015,0.0
2024-11-01,4.2,unemployment_rate,2024-11,4.2,840030015,0.0
2024-12-01,4.1,unemployment_rate,2024-12,4.1,840030015,0.0
2025-01-01,4.0,unemployment_rate,2025-01,4.0,840030015,0.0
2025-02-01,4.1,unemployment_rate,2025-02,4.1,840030015,0.0
2025-04-01,4.2,unemployment_rate,2025-04,4.2,840030015,0.0
2025-05-01,4.2,unemployment_rate,2025-05,4.2,840030015,0.0
2025-06-01,4.1,unemployment_rate,2025-06,4.1,840030015,0.0
2025-07-01,4.2,unemployment_rate,2025-07,4.2,840030015,0.0
2025-08-01,4.3,unemployment_rate,2025-08,4.3,840030015,0.0
2025-11-01,4.6,unemployment_rate,2025-11,4.6,840030015,0.0
2025-12-01,4.4,unemployment_rate,2025-12,4.4,840030015,0.0
2026-01-01,4.3,unemployment_rate,2026-01,4.3,840030015,0.0
2026-03-01,4.3,unemployment_rate,2026-03,4.3,840030015,0.0
2026-05-01,4.3,unemployment_rate,2026-05,4.3,840030015,0.0
2026-06-01,4.2,unemployment_rate,2026-06,4.2,840030015,0.0
2026-07-01,4.1,unemployment_rate,2026-07,4.1,840030015,0.0
2014-12-01,329.0,nonfarm_payroll_change,2014-12,252.0,840030016,77.0
2015-01-01,201.0,nonfarm_payroll_change,2015-01,257.0,840030016,-56.0
2015-02-01,264.0,nonfarm_payroll_change,2015-02,295.0,840030016,-31.0
2015-03-01,126.0,nonfarm_payroll_change,2015-03,126.0,840030016,0.0
2015-04-01,223.0,nonfarm_payroll_change,2015-04,223.0,840030016,0.0
2015-05-01,280.0,nonfarm_payroll_change,2015-05,280.0,840030016,0.0
2015-06-01,223.0,nonfarm_payroll_change,2015-06,223.0,840030016,0.0
2015-08-01,173.0,nonfarm_payroll_change,2015-08,173.0,840030016,0.0
2015-09-01,142.0,nonfarm_payroll_change,2015-09,142.0,840030016,0.0
2015-10-01,271.0,nonfarm_payroll_change,2015-10,271.0,840030016,0.0
2015-11-01,211.0,nonfarm_payroll_change,2015-11,211.0,840030016,0.0
2016-03-01,215.0,nonfarm_payroll_change,2016-03,215.0,840030016,0.0
2016-04-01,160.0,nonfarm_payroll_change,2016-04,160.0,840030016,0.0
2016-05-01,38.0,nonfarm_payroll_change,2016-05,38.0,840030016,0.0
2016-06-01,287.0,nonfarm_payroll_change,2016-06,287.0,840030016,0.0
2016-08-01,151.0,nonfarm_payroll_change,2016-08,151.0,840030016,0.0
2016-09-01,156.0,nonfarm_payroll_change,2016-09,156.0,840030016,0.0
2016-10-01,161.0,nonfarm_payroll_change,2016-10,161.0,840030016,0.0
2016-11-01,178.0,nonfarm_payroll_change,2016-11,178.0,840030016,0.0
2017-01-01,227.0,nonfarm_payroll_change,2017-01,227.0,840030016,0.0
2017-02-01,235.0,nonfarm_payroll_change,2017-02,235.0,840030016,0.0
2017-03-01,98.0,nonfarm_payroll_change,2017-03,98.0,840030016,0.0
2017-04-01,211.0,nonfarm_payroll_change,2017-04,211.0,840030016,0.0
2017-05-01,138.0,nonfarm_payroll_change,2017-05,138.0,840030016,0.0
2017-06-01,222.0,nonfarm_payroll_change,2017-06,222.0,840030016,0.0
2017-07-01,209.0,nonfarm_payroll_change,2017-07,209.0,840030016,0.0
2017-08-01,156.0,nonfarm_payroll_change,2017-08,156.0,840030016,0.0
2017-09-01,-33.0,nonfarm_payroll_change,2017-09,-33.0,840030016,0.0
2017-10-01,261.0,nonfarm_payroll_change,2017-10,261.0,840030016,0.0
2017-11-01,228.0,nonfarm_payroll_change,2017-11,228.0,840030016,0.0
2017-12-01,148.0,nonfarm_payroll_change,2017-12,148.0,840030016,0.0
2018-02-01,313.0,nonfarm_payroll_change,2018-02,313.0,840030016,0.0
2018-03-01,103.0,nonfarm_payroll_change,2018-03,103.0,840030016,0.0
2018-04-01,164.0,nonfarm_payroll_change,2018-04,164.0,840030016,0.0
2018-05-01,223.0,nonfarm_payroll_change,2018-05,223.0,840030016,0.0
2018-06-01,213.0,nonfarm_payroll_change,2018-06,213.0,840030016,0.0
2018-07-01,157.0,nonfarm_payroll_change,2018-07,157.0,840030016,0.0
2018-08-01,201.0,nonfarm_payroll_change,2018-08,201.0,840030016,0.0
2018-09-01,134.0,nonfarm_payroll_change,2018-09,134.0,840030016,0.0
2018-10-01,250.0,nonfarm_payroll_change,2018-10,250.0,840030016,0.0
2018-11-01,155.0,nonfarm_payroll_change,2018-11,155.0,840030016,0.0
2018-12-01,312.0,nonfarm_payroll_change,2018-12,312.0,840030016,0.0
2019-01-01,304.0,nonfarm_payroll_change,2019-01,304.0,840030016,0.0
2019-02-01,20.0,nonfarm_payroll_change,2019-02,20.0,840030016,0.0
2019-03-01,196.0,nonfarm_payroll_change,2019-03,196.0,840030016,0.0
2019-04-01,263.0,nonfarm_payroll_change,2019-04,263.0,840030016,0.0
2019-05-01,75.0,nonfarm_payroll_change,2019-05,75.0,840030016,0.0
2019-06-01,224.0,nonfarm_payroll_change,2019-06,224.0,840030016,0.0
2019-07-01,164.0,nonfarm_payroll_change,2019-07,164.0,840030016,0.0
2019-08-01,130.0,nonfarm_payroll_change,2019-08,130.0,840030016,0.0
2019-09-01,136.0,nonfarm_payroll_change,2019-09,136.0,840030016,0.0
2019-10-01,128.0,nonfarm_payroll_change,2019-10,128.0,840030016,0.0
2019-11-01,266.0,nonfarm_payroll_change,2019-11,266.0,840030016,0.0
2019-12-01,145.0,nonfarm_payroll_change,2019-12,145.0,840030016,0.0
2020-01-01,225.0,nonfarm_payroll_change,2020-01,225.0,840030016,0.0
2020-02-01,273.0,nonfarm_payroll_change,2020-02,273.0,840030016,0.0
2020-03-01,-701.0,nonfarm_payroll_change,2020-03,-701.0,840030016,0.0
2020-04-01,-20500.0,nonfarm_payroll_change,2020-04,-20500.0,840030016,0.0
2020-05-01,2509.0,nonfarm_payroll_change,2020-05,2509.0,840030016,0.0
2020-06-01,4800.0,nonfarm_payroll_change,2020-06,4800.0,840030016,0.0
2020-07-01,1763.0,nonfarm_payroll_change,2020-07,1763.0,840030016,0.0
2020-08-01,1371.0,nonfarm_payroll_change,2020-08,1371.0,840030016,0.0
2020-09-01,661.0,nonfarm_payroll_change,2020-09,661.0,840030016,0.0
2020-10-01,638.0,nonfarm_payroll_change,2020-10,638.0,840030016,0.0
2020-11-01,245.0,nonfarm_payroll_change,2020-11,245.0,840030016,0.0
2020-12-01,-140.0,nonfarm_payroll_change,2020-12,-140.0,840030016,0.0
2021-01-01,49.0,nonfarm_payroll_change,2021-01,49.0,840030016,0.0
2021-02-01,379.0,nonfarm_payroll_change,2021-02,379.0,840030016,0.0
2021-04-01,266.0,nonfarm_payroll_change,2021-04,266.0,840030016,0.0
2021-05-01,559.0,nonfarm_payroll_change,2021-05,559.0,840030016,0.0
2021-06-01,850.0,nonfarm_payroll_change,2021-06,850.0,840030016,0.0
2021-08-01,235.0,nonfarm_payroll_change,2021-08,235.0,840030016,0.0
2021-09-01,194.0,nonfarm_payroll_change,2021-09,194.0,840030016,0.0
2021-10-01,531.0,nonfarm_payroll_change,2021-10,531.0,840030016,0.0
2021-11-01,210.0,nonfarm_payroll_change,2021-11,210.0,840030016,0.0
2021-12-01,199.0,nonfarm_payroll_change,2021-12,199.0,840030016,0.0
2022-01-01,467.0,nonfarm_payroll_change,2022-01,467.0,840030016,0.0
2022-02-01,678.0,nonfarm_payroll_change,2022-02,678.0,840030016,0.0
2022-03-01,431.0,nonfarm_payroll_change,2022-03,431.0,840030016,0.0
2022-04-01,428.0,nonfarm_payroll_change,2022-04,428.0,840030016,0.0
2022-05-01,390.0,nonfarm_payroll_change,2022-05,390.0,840030016,0.0
2022-06-01,372.0,nonfarm_payroll_change,2022-06,372.0,840030016,0.0
2022-07-01,528.0,nonfarm_payroll_change,2022-07,528.0,840030016,0.0
2022-09-01,263.0,nonfarm_payroll_change,2022-09,263.0,840030016,0.0
2022-10-01,261.0,nonfarm_payroll_change,2022-10,261.0,840030016,0.0
2022-11-01,263.0,nonfarm_payroll_change,2022-11,263.0,840030016,0.0
2022-12-01,223.0,nonfarm_payroll_change,2022-12,223.0,840030016,0.0
2023-01-01,517.0,nonfarm_payroll_change,2023-01,517.0,840030016,0.0
2023-02-01,311.0,nonfarm_payroll_change,2023-02,311.0,840030016,0.0
2023-04-01,253.0,nonfarm_payroll_change,2023-04,253.0,840030016,0.0
2023-05-01,339.0,nonfarm_payroll_change,2023-05,339.0,840030016,0.0
2023-06-01,209.0,nonfarm_payroll_change,2023-06,209.0,840030016,0.0
2023-07-01,187.0,nonfarm_payroll_change,2023-07,187.0,840030016,0.0
2023-08-01,187.0,nonfarm_payroll_change,2023-08,187.0,840030016,0.0
2023-09-01,336.0,nonfarm_payroll_change,2023-09,336.0,840030016,0.0
2023-10-01,150.0,nonfarm_payroll_change,2023-10,150.0,840030016,0.0
2023-11-01,199.0,nonfarm_payroll_change,2023-11,199.0,840030016,0.0
2023-12-01,216.0,nonfarm_payroll_change,2023-12,216.0,840030016,0.0
2024-01-01,353.0,nonfarm_payroll_change,2024-01,353.0,840030016,0.0
2024-02-01,275.0,nonfarm_payroll_change,2024-02,275.0,840030016,0.0
2024-03-01,303.0,nonfarm_payroll_change,2024-03,303.0,840030016,0.0
2024-04-01,175.0,nonfarm_payroll_change,2024-04,175.0,840030016,0.0
2024-05-01,272.0,nonfarm_payroll_change,2024-05,272.0,840030016,0.0
2024-06-01,206.0,nonfarm_payroll_change,2024-06,206.0,840030016,0.0
2024-07-01,114.0,nonfarm_payroll_change,2024-07,114.0,840030016,0.0
2024-08-01,142.0,nonfarm_payroll_change,2024-08,142.0,840030016,0.0
2024-09-01,254.0,nonfarm_payroll_change,2024-09,254.0,840030016,0.0
2024-10-01,12.0,nonfarm_payroll_change,2024-10,12.0,840030016,0.0
2024-11-01,227.0,nonfarm_payroll_change,2024-11,227.0,840030016,0.0
2024-12-01,256.0,nonfarm_payroll_change,2024-12,256.0,840030016,0.0
2025-01-01,143.0,nonfarm_payroll_change,2025-01,143.0,840030016,0.0
2025-02-01,151.0,nonfarm_payroll_change,2025-02,151.0,840030016,0.0
2025-04-01,177.0,nonfarm_payroll_change,2025-04,177.0,840030016,0.0
2025-05-01,139.0,nonfarm_payroll_change,2025-05,139.0,840030016,0.0
2025-06-01,147.0,nonfarm_payroll_change,2025-06,147.0,840030016,0.0
2025-07-01,73.0,nonfarm_payroll_change,2025-07,73.0,840030016,0.0
2025-08-01,22.0,nonfarm_payroll_change,2025-08,22.0,840030016,0.0
2025-11-01,64.0,nonfarm_payroll_change,2025-11,64.0,840030016,0.0
2025-12-01,50.0,nonfarm_payroll_change,2025-12,50.0,840030016,0.0
2026-01-01,130.0,nonfarm_payroll_change,2026-01,130.0,840030016,0.0
2026-03-01,178.0,nonfarm_payroll_change,2026-03,178.0,840030016,0.0
2026-05-01,172.0,nonfarm_payroll_change,2026-05,172.0,840030016,0.0
2026-06-01,57.0,nonfarm_payroll_change,2026-06,57.0,840030016,0.0
2026-07-01,-23.0,nonfarm_payroll_change,2026-07,-23.0,840030016,0.0
