source_id,source_type,authority,region,access,point_in_time_policy,model_role,url
FED_MONETARY,RSS,OFFICIAL,USD,FREE_NO_KEY,first_observed_utc,news_context,https://www.federalreserve.gov/feeds/press_monetary.xml
FED_SPEECHES,RSS,OFFICIAL,USD,FREE_NO_KEY,first_observed_utc,news_context,https://www.federalreserve.gov/feeds/speeches.xml
ECB_PRESS,RSS,OFFICIAL,EUR,FREE_NO_KEY,first_observed_utc,news_context,https://www.ecb.europa.eu/rss/press.html
ECB_STATPRESS,RSS,OFFICIAL,EUR,FREE_NO_KEY,first_observed_utc,news_context,https://www.ecb.europa.eu/rss/statpress.html
BLS_EMPLOYMENT,RSS,OFFICIAL,USD,FREE_NO_KEY,first_observed_utc,news_context,https://www.bls.gov/feed/empsit.rss
BLS_CPI,RSS,OFFICIAL,USD,FREE_NO_KEY,first_observed_utc,news_context,https://www.bls.gov/feed/cpi.rss
GDELT_EURUSD,DOC_API,AGGREGATOR,GLOBAL,FREE_NO_KEY,first_observed_utc,discovery_metadata,https://api.gdeltproject.org/api/v2/doc/doc
us_effective_fed_funds,FRED_GRAPH,OFFICIAL_SYSTEM,USD,FREE_NO_KEY,first_observed_utc,macro_context,https://fred.stlouisfed.org/graph/fredgraph.csv?id=DFF
us_2y_yield,FRED_GRAPH,OFFICIAL_SYSTEM,USD,FREE_NO_KEY,first_observed_utc,macro_context,https://fred.stlouisfed.org/graph/fredgraph.csv?id=DGS2
us_10y_yield,FRED_GRAPH,OFFICIAL_SYSTEM,USD,FREE_NO_KEY,first_observed_utc,macro_context,https://fred.stlouisfed.org/graph/fredgraph.csv?id=DGS10
us_10y_minus_2y,FRED_GRAPH,OFFICIAL_SYSTEM,USD,FREE_NO_KEY,first_observed_utc,macro_context,https://fred.stlouisfed.org/graph/fredgraph.csv?id=T10Y2Y
ecb_main_refinancing_rate,ECB_SDMX,OFFICIAL,EUR,FREE_NO_KEY,first_observed_utc,macro_context,https://data-api.ecb.europa.eu/service/data/FM/D.U2.EUR.4F.KR.MRR_RT.LEV
