horizon_minutes,family,fold_id,bin_id,count,mean_confidence,observed_accuracy
15,LOGISTIC_REGRESSION,1,3,61,0.3768511527158941,0.36065573770491804
15,LOGISTIC_REGRESSION,1,4,1999,0.48178857422468085,0.4652326163081541
15,LOGISTIC_REGRESSION,1,5,1036,0.51182264552686,0.4893822393822394
15,LOGISTIC_REGRESSION,1,6,26,0.6312911178610512,0.5384615384615384
15,LOGISTIC_REGRESSION,1,7,7,0.7481968005444443,0.8571428571428571
15,LOGISTIC_REGRESSION,1,8,14,0.8450031786037552,0.8571428571428571
15,LOGISTIC_REGRESSION,1,9,7,0.9054453743237014,1.0
15,LOGISTIC_REGRESSION,2,3,9,0.3854273350042112,0.4444444444444444
15,LOGISTIC_REGRESSION,2,4,1612,0.4852316199505105,0.49193548387096775
15,LOGISTIC_REGRESSION,2,5,1498,0.5201012461075969,0.48798397863818427
15,LOGISTIC_REGRESSION,2,6,26,0.6365424377867376,0.8076923076923077
15,LOGISTIC_REGRESSION,2,7,5,0.7243211651799971,0.6
15,LOGISTIC_REGRESSION,3,3,4,0.3904160785235987,0.0
15,LOGISTIC_REGRESSION,3,4,2467,0.4849111632490097,0.47709768950141873
15,LOGISTIC_REGRESSION,3,5,679,0.5091019708455397,0.4948453608247423
15,LOGISTIC_REGRESSION,4,3,2,0.3700654524359076,0.5
15,LOGISTIC_REGRESSION,4,4,2974,0.48548168047907436,0.4667114996637525
15,LOGISTIC_REGRESSION,4,5,172,0.513655445693056,0.46511627906976744
15,LOGISTIC_REGRESSION,4,6,2,0.6146482970923038,0.0
15,LOGISTIC_REGRESSION,5,4,3128,0.4796252499709447,0.47346547314578
15,LOGISTIC_REGRESSION,5,5,23,0.515901775011714,0.5652173913043478
15,LOGISTIC_REGRESSION,5,6,1,0.6188790974708028,0.0
15,HIST_GRADIENT_BOOSTING,1,3,53,0.376995516297602,0.2830188679245283
15,HIST_GRADIENT_BOOSTING,1,4,2024,0.479670201482751,0.47134387351778656
15,HIST_GRADIENT_BOOSTING,1,5,1045,0.5057799242136967,0.5004784688995215
15,HIST_GRADIENT_BOOSTING,1,6,10,0.6532126782741461,0.8
15,HIST_GRADIENT_BOOSTING,1,7,15,0.7534531896653454,0.8
15,HIST_GRADIENT_BOOSTING,1,8,3,0.8379427139124314,1.0
15,HIST_GRADIENT_BOOSTING,2,3,8,0.37350635803000554,0.25
15,HIST_GRADIENT_BOOSTING,2,4,1519,0.48823914815412056,0.49177090190915074
15,HIST_GRADIENT_BOOSTING,2,5,1623,0.5083179196774146,0.4904497843499692
15,HIST_GRADIENT_BOOSTING,3,3,8,0.37724136365914596,0.125
15,HIST_GRADIENT_BOOSTING,3,4,2316,0.48659097801848084,0.47668393782383417
15,HIST_GRADIENT_BOOSTING,3,5,826,0.5088665722343273,0.4576271186440678
15,HIST_GRADIENT_BOOSTING,4,4,2434,0.4809216458772117,0.47658175842235007
15,HIST_GRADIENT_BOOSTING,4,5,694,0.5206144576858392,0.5
15,HIST_GRADIENT_BOOSTING,4,6,22,0.624102938903281,0.5
15,HIST_GRADIENT_BOOSTING,5,3,6,0.39095668369159603,0.16666666666666666
15,HIST_GRADIENT_BOOSTING,5,4,2954,0.4788237567867317,0.491198375084631
15,HIST_GRADIENT_BOOSTING,5,5,192,0.5086071702996573,0.4895833333333333
15,XGBOOST,1,3,47,0.38334793973413384,0.3191489361702128
15,XGBOOST,1,4,1757,0.47991335329489604,0.4820717131474104
15,XGBOOST,1,5,1321,0.5118133943613169,0.46707040121120363
15,XGBOOST,1,6,22,0.6563520567793341,0.8636363636363636
15,XGBOOST,1,7,3,0.7166007865893232,1.0
15,XGBOOST,2,3,12,0.3766379104473431,0.25
15,XGBOOST,2,4,1107,0.49158072447755674,0.4896115627822945
15,XGBOOST,2,5,2026,0.5068522169232118,0.49358341559723595
15,XGBOOST,2,6,1,0.6261059224479967,0.0
15,XGBOOST,2,7,4,0.7492297201169295,0.5
15,XGBOOST,3,3,6,0.3818581799733421,0.16666666666666666
15,XGBOOST,3,4,2156,0.49195233826873946,0.48283858998144713
15,XGBOOST,3,5,988,0.5046627189815931,0.4757085020242915
15,XGBOOST,4,3,2,0.38918130324664035,0.5
15,XGBOOST,4,4,2593,0.48265139881543817,0.47435403008098725
15,XGBOOST,4,5,555,0.5088914191370136,0.4666666666666667
15,XGBOOST,5,3,3,0.3828630162607985,0.3333333333333333
15,XGBOOST,5,4,2989,0.4809360157673006,0.4887922382067581
15,XGBOOST,5,5,160,0.5103354695730692,0.6375
15,MAJORITY_CLASS,1,4,3150,0.48409624785727884,0.4641269841269841
15,MAJORITY_CLASS,2,4,3150,0.48071530606846213,0.49142857142857144
15,MAJORITY_CLASS,3,4,3150,0.48229105255997445,0.48
15,MAJORITY_CLASS,4,4,3150,0.48188563945875174,0.46634920634920635
15,MAJORITY_CLASS,5,4,3152,0.4801947021269092,0.46954314720812185
15,RECENT_DIRECTION,1,9,3150,0.9000000000000002,0.45396825396825397
15,RECENT_DIRECTION,2,9,3150,0.9000000000000002,0.44952380952380955
15,RECENT_DIRECTION,3,9,3150,0.9000000000000002,0.43873015873015875
15,RECENT_DIRECTION,4,9,3150,0.9000000000000002,0.44412698412698415
15,RECENT_DIRECTION,5,9,3152,0.9000000000000002,0.43432741116751267
15,MOMENTUM,1,9,3150,0.9000000000000002,0.4634920634920635
15,MOMENTUM,2,9,3150,0.9000000000000002,0.4685714285714286
15,MOMENTUM,3,9,3150,0.9000000000000002,0.4514285714285714
15,MOMENTUM,4,9,3150,0.9000000000000002,0.4396825396825397
15,MOMENTUM,5,9,3152,0.9000000000000002,0.440989847715736
15,MEAN_REVERSION,1,9,3150,0.9000000000000002,0.43873015873015875
15,MEAN_REVERSION,2,9,3150,0.9000000000000002,0.46984126984126984
15,MEAN_REVERSION,3,9,3150,0.9000000000000002,0.48063492063492064
15,MEAN_REVERSION,4,9,3150,0.9000000000000002,0.48984126984126986
15,MEAN_REVERSION,5,9,3152,0.9000000000000002,0.4885786802030457
60,LOGISTIC_REGRESSION,1,4,177,0.48320320863224564,0.3898305084745763
60,LOGISTIC_REGRESSION,1,5,2909,0.5548859353256708,0.4898590580955655
60,LOGISTIC_REGRESSION,1,6,22,0.6436468677634122,0.6363636363636364
60,LOGISTIC_REGRESSION,1,7,13,0.7626239541847433,0.15384615384615385
60,LOGISTIC_REGRESSION,1,8,3,0.8373925143460307,0.0
60,LOGISTIC_REGRESSION,1,9,1,0.9632012243602249,0.0
60,LOGISTIC_REGRESSION,2,4,1356,0.4953181898209229,0.5398230088495575
60,LOGISTIC_REGRESSION,2,5,1743,0.5109934536623826,0.5054503729202524
60,LOGISTIC_REGRESSION,2,6,23,0.6472466709385717,0.6086956521739131
60,LOGISTIC_REGRESSION,2,7,3,0.7461508587282322,1.0
60,LOGISTIC_REGRESSION,3,4,215,0.4977462982971979,0.5767441860465117
60,LOGISTIC_REGRESSION,3,5,2891,0.5173189886316348,0.49014181943964025
60,LOGISTIC_REGRESSION,3,6,18,0.6218618981083973,0.4444444444444444
60,LOGISTIC_REGRESSION,3,8,1,0.8295183504156146,0.0
60,LOGISTIC_REGRESSION,4,4,426,0.4956206881510614,0.5046948356807511
60,LOGISTIC_REGRESSION,4,5,2696,0.5154462041193081,0.47700296735905046
60,LOGISTIC_REGRESSION,4,6,3,0.6125157556261583,0.3333333333333333
60,LOGISTIC_REGRESSION,5,4,963,0.49332726342459227,0.4787123572170301
60,LOGISTIC_REGRESSION,5,5,2163,0.5202424576529145,0.48220064724919093
60,HIST_GRADIENT_BOOSTING,1,3,12,0.39641990197154725,0.25
60,HIST_GRADIENT_BOOSTING,1,4,243,0.468638663389083,0.4279835390946502
60,HIST_GRADIENT_BOOSTING,1,5,2862,0.5483070616576555,0.4944095038434661
60,HIST_GRADIENT_BOOSTING,1,6,5,0.6467359141481921,0.8
60,HIST_GRADIENT_BOOSTING,1,7,3,0.7487372689051132,1.0
60,HIST_GRADIENT_BOOSTING,2,3,3,0.38611011677073614,0.0
60,HIST_GRADIENT_BOOSTING,2,4,108,0.48118992667364063,0.5092592592592593
60,HIST_GRADIENT_BOOSTING,2,5,3014,0.521574328184368,0.5228931652289317
60,HIST_GRADIENT_BOOSTING,3,4,824,0.4958873457901758,0.5436893203883495
60,HIST_GRADIENT_BOOSTING,3,5,2258,0.5183862063575597,0.48139946855624444
60,HIST_GRADIENT_BOOSTING,3,6,43,0.6201976860608539,0.32558139534883723
60,HIST_GRADIENT_BOOSTING,4,4,363,0.49127713120409233,0.4903581267217631
60,HIST_GRADIENT_BOOSTING,4,5,2762,0.5233077036166711,0.4837074583635047
60,HIST_GRADIENT_BOOSTING,5,4,663,0.49439095378654163,0.4796380090497738
60,HIST_GRADIENT_BOOSTING,5,5,2463,0.5212771658517267,0.536743808363784
60,XGBOOST,1,3,21,0.370958335391502,0.3333333333333333
60,XGBOOST,1,4,94,0.4568820351760207,0.32978723404255317
60,XGBOOST,1,5,3010,0.5501465413976936,0.4930232558139535
60,XGBOOST,2,3,3,0.3967976130664241,0.3333333333333333
60,XGBOOST,2,4,55,0.46496261928172217,0.36363636363636365
60,XGBOOST,2,5,3067,0.5266429761229146,0.5249429409846755
60,XGBOOST,3,4,290,0.4945078908793409,0.4413793103448276
60,XGBOOST,3,5,2835,0.5174956716474483,0.5012345679012346
60,XGBOOST,4,3,3,0.3838358265179318,0.3333333333333333
60,XGBOOST,4,4,1121,0.4918874190746482,0.5022301516503123
60,XGBOOST,4,5,2001,0.517480469678997,0.49525237381309345
60,XGBOOST,5,4,527,0.4941343456562651,0.5218216318785579
60,XGBOOST,5,5,2157,0.5302496585304208,0.47890588780713955
60,XGBOOST,5,6,421,0.637995573280669,0.6294536817102138
60,XGBOOST,5,7,21,0.7195088092058712,0.7142857142857143
60,MAJORITY_CLASS,1,5,3125,0.511846823770492,0.48992
60,MAJORITY_CLASS,2,5,3125,0.5086708286644256,0.52128
60,MAJORITY_CLASS,3,5,3125,0.5103814140675019,0.49568
60,MAJORITY_CLASS,4,5,3125,0.5086231043175544,0.472
60,MAJORITY_CLASS,5,5,3126,0.5045170009958743,0.4619321817018554
60,RECENT_DIRECTION,1,9,3125,0.9000000000000001,0.4656
60,RECENT_DIRECTION,2,9,3125,0.9000000000000001,0.45856
60,RECENT_DIRECTION,3,9,3125,0.9000000000000001,0.464
60,RECENT_DIRECTION,4,9,3125,0.9000000000000001,0.45344
60,RECENT_DIRECTION,5,9,3126,0.9000000000000001,0.4600127959053103
60,MOMENTUM,1,9,3125,0.9000000000000001,0.48192
60,MOMENTUM,2,9,3125,0.9000000000000001,0.47296
60,MOMENTUM,3,9,3125,0.9000000000000001,0.45024
60,MOMENTUM,4,9,3125,0.9000000000000001,0.45664
60,MOMENTUM,5,9,3126,0.9000000000000001,0.45553422904670504
60,MEAN_REVERSION,1,9,3125,0.9000000000000001,0.45632
60,MEAN_REVERSION,2,9,3125,0.9000000000000001,0.49344
60,MEAN_REVERSION,3,9,3125,0.9000000000000001,0.50816
60,MEAN_REVERSION,4,9,3125,0.9000000000000001,0.50208
60,MEAN_REVERSION,5,9,3126,0.9000000000000001,0.49552143314139474
240,LOGISTIC_REGRESSION,1,3,9,0.38403959073109273,0.4444444444444444
240,LOGISTIC_REGRESSION,1,4,23,0.47150829408088485,0.391304347826087
240,LOGISTIC_REGRESSION,1,5,1136,0.5699284730881494,0.534330985915493
240,LOGISTIC_REGRESSION,1,6,1846,0.646018469646122,0.4593716143011918
240,LOGISTIC_REGRESSION,1,7,9,0.7044557390920888,0.0
240,LOGISTIC_REGRESSION,1,8,1,0.8994317964483245,1.0
240,LOGISTIC_REGRESSION,2,4,57,0.49682640780419457,0.38596491228070173
240,LOGISTIC_REGRESSION,2,5,2338,0.550236243476549,0.46578272027373824
240,LOGISTIC_REGRESSION,2,6,601,0.6305418818198412,0.4209650582362729
240,LOGISTIC_REGRESSION,2,7,24,0.7452925497847674,0.625
240,LOGISTIC_REGRESSION,2,8,4,0.8133350819812234,1.0
240,LOGISTIC_REGRESSION,3,4,171,0.4957101995286093,0.4269005847953216
240,LOGISTIC_REGRESSION,3,5,2848,0.5382450181872737,0.5428370786516854
240,LOGISTIC_REGRESSION,3,6,5,0.606565463474318,0.8
240,LOGISTIC_REGRESSION,4,4,167,0.49751037577239754,0.49700598802395207
240,LOGISTIC_REGRESSION,4,5,2527,0.5421705710112885,0.5081123862287297
240,LOGISTIC_REGRESSION,4,6,325,0.6240254272239284,0.39692307692307693
240,LOGISTIC_REGRESSION,4,7,5,0.7183036632229257,0.8
240,LOGISTIC_REGRESSION,5,4,229,0.4973461152298997,0.5240174672489083
240,LOGISTIC_REGRESSION,5,5,2483,0.534198048991033,0.44583165525573903
240,LOGISTIC_REGRESSION,5,6,296,0.6262104921251764,0.42905405405405406
240,LOGISTIC_REGRESSION,5,7,14,0.7394741555671932,0.42857142857142855
240,LOGISTIC_REGRESSION,5,8,4,0.8247204153949048,0.0
240,HIST_GRADIENT_BOOSTING,1,5,1619,0.5743527949731879,0.4823965410747375
240,HIST_GRADIENT_BOOSTING,1,6,1061,0.6341537134334948,0.47973609802073514
240,HIST_GRADIENT_BOOSTING,1,7,267,0.740460269819043,0.4794007490636704
240,HIST_GRADIENT_BOOSTING,1,8,76,0.8380501610826959,0.5394736842105263
240,HIST_GRADIENT_BOOSTING,1,9,1,0.9110054296282216,0.0
240,HIST_GRADIENT_BOOSTING,2,4,99,0.49595761469928884,0.48484848484848486
240,HIST_GRADIENT_BOOSTING,2,5,2722,0.5528570205780305,0.5415135929463629
240,HIST_GRADIENT_BOOSTING,2,6,201,0.6109469391945563,0.527363184079602
240,HIST_GRADIENT_BOOSTING,2,7,2,0.7587035071559358,0.0
240,HIST_GRADIENT_BOOSTING,3,4,173,0.49669087245900767,0.5144508670520231
240,HIST_GRADIENT_BOOSTING,3,5,2551,0.5451408694100733,0.5350842806742454
240,HIST_GRADIENT_BOOSTING,3,6,280,0.6302992773445416,0.6321428571428571
240,HIST_GRADIENT_BOOSTING,3,7,20,0.7175727708257609,0.85
240,HIST_GRADIENT_BOOSTING,4,4,174,0.4968998110812655,0.5229885057471264
240,HIST_GRADIENT_BOOSTING,4,5,2763,0.5424593452275317,0.46579804560260585
240,HIST_GRADIENT_BOOSTING,4,6,87,0.6113531927817654,0.40229885057471265
240,HIST_GRADIENT_BOOSTING,5,4,146,0.49825322317663473,0.4863013698630137
240,HIST_GRADIENT_BOOSTING,5,5,2879,0.5266671333790288,0.5595692948940605
240,HIST_GRADIENT_BOOSTING,5,6,1,0.6011740745906624,1.0
240,XGBOOST,1,5,1027,0.5890313178728855,0.37682570593963
240,XGBOOST,1,6,1976,0.6213417481366845,0.5389676113360324
240,XGBOOST,1,7,21,0.7257803012562087,0.3333333333333333
240,XGBOOST,2,4,126,0.495495059306926,0.5793650793650794
240,XGBOOST,2,5,2740,0.5621999591054273,0.5547445255474452
240,XGBOOST,2,6,158,0.6078491489707812,0.3670886075949367
240,XGBOOST,3,4,132,0.4971056977956729,0.49242424242424243
240,XGBOOST,3,5,2379,0.5475196698755259,0.5691467002942413
240,XGBOOST,3,6,463,0.6271026180459648,0.6976241900647948
240,XGBOOST,3,7,48,0.7596487729895062,0.5416666666666666
240,XGBOOST,3,8,2,0.8034205900734828,1.0
240,XGBOOST,4,4,196,0.4974668922529839,0.45408163265306123
240,XGBOOST,4,5,2482,0.5429848644899847,0.467767929089444
240,XGBOOST,4,6,343,0.6199442100891965,0.48104956268221577
240,XGBOOST,4,7,3,0.7580415477777448,0.6666666666666666
240,XGBOOST,5,4,227,0.49706461783927663,0.47577092511013214
240,XGBOOST,5,5,2645,0.539285713552692,0.5410207939508507
240,XGBOOST,5,6,153,0.614990791711535,0.7450980392156863
240,XGBOOST,5,7,1,0.7009214716389249,0.0
240,MAJORITY_CLASS,1,5,3024,0.5270628814009022,0.482473544973545
240,MAJORITY_CLASS,2,5,3024,0.5206629834254145,0.5462962962962963
240,MAJORITY_CLASS,3,5,3024,0.5252793031622797,0.5205026455026455
240,MAJORITY_CLASS,4,5,3024,0.5236458505880401,0.455026455026455
240,MAJORITY_CLASS,5,5,3026,0.5170764021787136,0.4510905485789822
240,RECENT_DIRECTION,1,9,3024,0.9000000000000002,0.4775132275132275
240,RECENT_DIRECTION,2,9,3024,0.9000000000000002,0.46726190476190477
240,RECENT_DIRECTION,3,9,3024,0.9000000000000002,0.482473544973545
240,RECENT_DIRECTION,4,9,3024,0.9000000000000002,0.4636243386243386
240,RECENT_DIRECTION,5,9,3026,0.9000000000000001,0.4679444811632518
240,MOMENTUM,1,9,3024,0.9000000000000002,0.49933862433862436
240,MOMENTUM,2,9,3024,0.9000000000000002,0.482473544973545
240,MOMENTUM,3,9,3024,0.9000000000000002,0.48578042328042326
240,MOMENTUM,4,9,3024,0.9000000000000002,0.4708994708994709
240,MOMENTUM,5,9,3026,0.9000000000000001,0.47521480502313285
240,MEAN_REVERSION,1,9,3024,0.9000000000000002,0.4656084656084656
240,MEAN_REVERSION,2,9,3024,0.9000000000000002,0.49636243386243384
240,MEAN_REVERSION,3,9,3024,0.9000000000000002,0.49074074074074076
240,MEAN_REVERSION,4,9,3024,0.9000000000000002,0.49867724867724866
240,MEAN_REVERSION,5,9,3026,0.9000000000000001,0.4970257766027759
