horizon_minutes,family,candidate_type,validation_rows,balanced_accuracy,macro_f1,precision,recall,log_loss,brier,coverage,directional_accuracy_acted,cost_aware_metric,commission_status,roc_auc_ovr,mean_raw_return_pred_down,median_raw_return_pred_down,mean_raw_return_pred_neutral,median_raw_return_pred_neutral,mean_raw_return_pred_up,median_raw_return_pred_up,calibration_status,stability_status,stability_reason,promotion_status,rejection_reason
15,LOGISTIC_REGRESSION,MODEL,4459,0.3328528475880385,0.3255325460273068,0.44238280439312305,0.3328528475880385,0.8810733780848529,0.5576621663891312,0.9977573446961202,0.46280062935491123,-1.9328760462824848e-05,UNKNOWN,0.5273537694531344,1.7953282929426465e-05,8.621990803314716e-06,2.6696227273792505e-05,3.4547684441221804e-05,-1.3139815841043624e-06,0.0,SIGMOID_TEMPORAL_HOLDOUT,FAIL,worst_ok=True; recent_ok=True; folds_beating_majority=2/5,REJECTED,not highest-ranked research candidate
15,HIST_GRADIENT_BOOSTING,MODEL,4459,0.3296795389571392,0.3191417556565545,0.30933115803241806,0.3296795389571392,0.8827323000560452,0.5575353359854974,1.0,0.4640053823727293,-1.7898924570181673e-05,UNKNOWN,0.5241296495774276,1.3266523528882775e-05,0.0,,,6.442130395871861e-08,0.0,SIGMOID_TEMPORAL_HOLDOUT,PASS,worst_ok=True; recent_ok=True; folds_beating_majority=3/5,REJECTED,not highest-ranked research candidate
15,XGBOOST,MODEL,4459,0.3398433206784944,0.3288690858993377,0.31903147894553663,0.3398433206784944,0.8844334958962253,0.5587452932136447,1.0,0.47835837631756,-1.5805822502106342e-05,UNKNOWN,0.5271843891276282,1.212157478203383e-05,-8.588074714099836e-06,,,2.0430101008567073e-06,8.563330107902445e-06,SIGMOID_TEMPORAL_HOLDOUT,PASS,worst_ok=True; recent_ok=True; folds_beating_majority=3/5,CHALLENGER,"failed gates: history_days, balanced_accuracy_margin, macro_f1_margin, log_loss_margin"
15,MAJORITY_CLASS,BASELINE,4459,0.3267350705841448,0.3130855032989523,0.3064898218355147,0.3267350705841448,0.8826866703982882,0.556139693430462,1.0,0.4597443372953577,-1.056907955254562e-05,UNKNOWN,0.4894299860770648,5.182460937118449e-06,0.0,,,9.228735259440909e-06,0.0,BASELINE_NOT_CALIBRATED,BASELINE,comparison baseline,BASELINE,not a promotable model family
15,RECENT_DIRECTION,BASELINE,4459,0.325282932225172,0.3255600549034243,0.3290302837573022,0.325282932225172,1.7323695114684055,0.971941018165508,0.9636689840771473,0.450314172678613,-2.473840229281476e-05,UNKNOWN,0.4904275508272202,1.971674766344146e-05,8.65489888923765e-06,3.586989343249578e-05,3.4545297686205956e-05,-7.909938058262618e-06,-8.6640847695163e-06,BASELINE_NOT_CALIBRATED,BASELINE,comparison baseline,BASELINE,not a promotable model family
15,MOMENTUM,BASELINE,4459,0.3175400305830757,0.31860540238660867,0.3315988545518789,0.3175400305830757,1.7595943631911324,0.9879535770352097,0.9766763848396501,0.434902411021814,-2.9379799894616826e-05,UNKNOWN,0.4818589176306956,2.484409723365276e-05,1.7274140611700517e-05,2.3234265087902667e-05,8.669534415362001e-06,-1.1879218303136157e-05,-1.7310771814327275e-05,BASELINE_NOT_CALIBRATED,BASELINE,comparison baseline,BASELINE,not a promotable model family
15,MEAN_REVERSION,BASELINE,4459,0.3661436759231207,0.36623088293381373,0.378288597219041,0.3661436759231207,1.5618900828237112,0.8716718995290422,0.9766763848396501,0.5049368541905855,7.292906470686728e-06,UNKNOWN,0.5276374264580571,-1.1879218303136157e-05,-1.7310771814327275e-05,2.3234265087902667e-05,8.669534415362001e-06,2.484409723365276e-05,1.7274140611700517e-05,BASELINE_NOT_CALIBRATED,BASELINE,comparison baseline,BASELINE,not a promotable model family
60,LOGISTIC_REGRESSION,MODEL,4423,0.3115758469364937,0.3049209368005296,0.30127452720174414,0.3115758469364937,0.826604421241489,0.5408247161040614,1.0,0.45647750395659054,-3.945466451053443e-05,UNKNOWN,0.4952253217204616,6.902672977363868e-05,4.333656913035888e-05,,,5.5810766643109634e-08,-8.547959529259241e-06,SIGMOID_TEMPORAL_HOLDOUT,FAIL,worst_ok=True; recent_ok=True; folds_beating_majority=1/5,REJECTED,not highest-ranked research candidate
60,HIST_GRADIENT_BOOSTING,MODEL,4423,0.32427290641771017,0.3179851293735913,0.31404184610746233,0.32427290641771017,0.8181975691897234,0.5329967422954835,1.0,0.46959077549174766,-8.150011770167752e-06,UNKNOWN,0.5045316958438053,2.362127054523105e-05,2.5986850653580973e-05,,,3.384185073889081e-05,8.616232993086115e-06,SIGMOID_TEMPORAL_HOLDOUT,FAIL,worst_ok=True; recent_ok=True; folds_beating_majority=1/5,REJECTED,not highest-ranked research candidate
60,XGBOOST,MODEL,4423,0.34904830286598093,0.34323230713007424,0.337943896264072,0.34904830286598093,0.8109889217474899,0.5278158387146134,1.0,0.5068957721003844,1.4962228830515422e-05,UNKNOWN,0.5440191676217898,2.2315062851953232e-06,0.0,,,5.454437034999411e-05,3.425068073203974e-05,SIGMOID_TEMPORAL_HOLDOUT,PASS,worst_ok=True; recent_ok=True; folds_beating_majority=3/5,CHALLENGER,"failed gates: history_days, balanced_accuracy_margin, log_loss_margin"
60,MAJORITY_CLASS,BASELINE,4423,0.34191508739564697,0.3006761767837051,0.3366817241162357,0.34191508739564697,0.8121578205651472,0.530444090882897,1.0,0.484060592358128,-1.2089686325506825e-06,UNKNOWN,0.4817883974556126,1.1511074124715255e-05,8.679613758721949e-06,,,9.551962898936448e-05,4.286951377396875e-05,BASELINE_NOT_CALIBRATED,BASELINE,comparison baseline,BASELINE,not a promotable model family
60,RECENT_DIRECTION,BASELINE,4423,0.32567270758527345,0.32495166915221135,0.32454650824973436,0.32567270758527345,1.7031355434796944,0.9547467782048382,0.9635993669455121,0.4622243078366964,-2.4579713764837328e-05,UNKNOWN,0.48921915922872355,4.046343654218479e-05,3.426006817752736e-05,8.419672454093672e-05,0.0001038574383562807,1.2481094659818535e-05,-8.563696776708873e-06,BASELINE_NOT_CALIBRATED,BASELINE,comparison baseline,BASELINE,not a promotable model family
60,MOMENTUM,BASELINE,4423,0.30793385821865765,0.30763435731461075,0.3079189734508497,0.30793385821865765,1.7305819856754074,0.9708896676463941,0.9767126384806692,0.4474537037037037,-2.5526504716367908e-05,UNKNOWN,0.4755579976114294,4.36844570865155e-05,4.3316670883197794e-05,6.474848751393981e-06,5.1824212272011394e-05,1.4293512685513157e-05,-8.688399255163404e-06,BASELINE_NOT_CALIBRATED,BASELINE,comparison baseline,BASELINE,not a promotable model family
60,MEAN_REVERSION,BASELINE,4423,0.35761159841692836,0.35698151345333784,0.3571969402345781,0.35761159841692836,1.5227732090507227,0.8486649333031878,0.9767126384806692,0.5210648148148148,3.4349732418786696e-06,UNKNOWN,0.5238226291878749,1.4293512685513157e-05,-8.688399255163404e-06,6.474848751393981e-06,5.1824212272011394e-05,4.36844570865155e-05,4.3316670883197794e-05,BASELINE_NOT_CALIBRATED,BASELINE,comparison baseline,BASELINE,not a promotable model family
240,LOGISTIC_REGRESSION,MODEL,4279,0.31002331002331,0.3034435844702457,0.3038042462529856,0.31002331002331,0.7867417161636515,0.5403430156144012,0.9997663005375088,0.4791958859280037,2.9734945544260236e-05,UNKNOWN,0.4750917432544619,0.000131614934583738,0.000173385348938071,-0.00019063464004709374,-0.00019063464004709374,0.00012814907451265013,6.0754923318695475e-05,SIGMOID_TEMPORAL_HOLDOUT,FAIL,worst_ok=True; recent_ok=True; folds_beating_majority=1/5,REJECTED,not highest-ranked research candidate
240,HIST_GRADIENT_BOOSTING,MODEL,4279,0.3296062911447527,0.327170384106695,0.3254062399969873,0.3296062911447527,0.7789449925860763,0.5333401038536958,1.0,0.49894835241878943,1.8660575816545965e-05,UNKNOWN,0.5294063364043481,0.0001215261509610996,0.00011292025690234908,,,0.00013457524035796723,0.00010386283181995637,SIGMOID_TEMPORAL_HOLDOUT,PASS,worst_ok=True; recent_ok=True; folds_beating_majority=3/5,CHALLENGER,"failed gates: history_days, balanced_accuracy_margin, macro_f1_margin, log_loss_margin"
240,XGBOOST,MODEL,4279,0.31793847178462564,0.3144123802433836,0.3132916021139282,0.31793847178462564,0.7699355673105222,0.5274689133084456,1.0,0.48539378359429775,-2.810776631965629e-05,UNKNOWN,0.49318033429921543,0.00019256873902852772,0.00013026320981368578,,,9.050090955363254e-05,7.803761413005539e-05,SIGMOID_TEMPORAL_HOLDOUT,FAIL,worst_ok=True; recent_ok=True; folds_beating_majority=2/5,REJECTED,not highest-ranked research candidate
240,MAJORITY_CLASS,BASELINE,4279,0.35666897205358744,0.3103232397099717,0.36518085084655766,0.35666897205358744,0.7552371341346862,0.5149384926448901,1.0,0.49240476746903483,4.532105549091943e-05,UNKNOWN,0.4883350217235855,4.5506043251053286e-05,6.075518697523652e-05,,,0.00046260870678535646,0.0004282728612052811,BASELINE_NOT_CALIBRATED,BASELINE,comparison baseline,BASELINE,not a promotable model family
240,RECENT_DIRECTION,BASELINE,4279,0.32271527143322015,0.3226765655479367,0.3263366224284783,0.32271527143322015,1.6380208378514223,0.9164489366674455,0.9633091843888759,0.4873847646773411,-1.7717940788991595e-05,UNKNOWN,0.4920848008830187,0.00013307597526409571,0.00011268386973739553,0.0002721589290510721,0.00021591556837630144,0.00011486722949903268,9.503486051487542e-05,BASELINE_NOT_CALIBRATED,BASELINE,comparison baseline,BASELINE,not a promotable model family
240,MOMENTUM,BASELINE,4279,0.31742616358000975,0.3181452126305067,0.3207850460562874,0.31742616358000975,1.6346434462203212,0.9144624912362701,0.9773311521383501,0.4818268770923003,-1.1786378508569474e-05,UNKNOWN,0.48790263351529845,0.00012980637150577373,0.00012996408661281045,0.00019782881107381934,0.00020698041447819726,0.00012553575028340723,8.557179505919166e-05,BASELINE_NOT_CALIBRATED,BASELINE,comparison baseline,BASELINE,not a promotable model family
240,MEAN_REVERSION,BASELINE,4279,0.3341146033453726,0.33423537762773475,0.3372617354933827,0.3341146033453726,1.5684465702507433,0.8755281607852301,0.9773311521383501,0.5052606408417025,-1.0324398511048076e-05,UNKNOWN,0.5042555988384128,0.00012553575028340723,8.557179505919166e-05,0.00019782881107381934,0.00020698041447819726,0.00012980637150577373,0.00012996408661281045,BASELINE_NOT_CALIBRATED,BASELINE,comparison baseline,BASELINE,not a promotable model family
