model_id,horizon_minutes,family,created_at_utc,training_data_fingerprint,feature_contract_hash,feature_count,train_start,train_end,training_rows,walk_forward_folds,balanced_accuracy,macro_f1,log_loss,brier,coverage,cost_aware_metric,stability_status,calibration_status,promotion_status,rejection_reason,git_commit,artifact_path,artifact_sha256
logistic_regression_15m_20260824T114613529386Z_87fb7d6b7f,15,LOGISTIC_REGRESSION,2026-08-24T11:46:13.529386+00:00,87fb7d6b7f70358eefb80986cac0e9377ab66d1c9a064e616a669e75a970d58e,88d98c59e89f9777109d4501ad5060bab830ca6c288313d0bdacaa1ba7b81de7,32,2026-07-10T10:20:00+00:00,2026-08-24T11:10:00+00:00,8918,5,0.3328528475880385,0.3255325460273068,0.8810733780848529,0.5576621663891312,0.9977573446961202,-1.9328760462824848e-05,FAIL,SIGMOID_TEMPORAL_HOLDOUT,REJECTED,not highest-ranked research candidate,2ced956e0c16e823594f7d532c2f0de1fd08a75b,models/v05c/15m/logistic_regression_15m_20260824T114613529386Z_87fb7d6b7f.joblib,6b575d79e4e7bc4f0a27f0d1f86c760182224d8315f6f36e3892cd9ccc76f470
hist_gradient_boosting_15m_20260824T114613529386Z_87fb7d6b7f,15,HIST_GRADIENT_BOOSTING,2026-08-24T11:46:13.529386+00:00,87fb7d6b7f70358eefb80986cac0e9377ab66d1c9a064e616a669e75a970d58e,88d98c59e89f9777109d4501ad5060bab830ca6c288313d0bdacaa1ba7b81de7,32,2026-07-10T10:20:00+00:00,2026-08-24T11:10:00+00:00,8918,5,0.3296795389571392,0.3191417556565545,0.8827323000560452,0.5575353359854974,1.0,-1.7898924570181673e-05,PASS,SIGMOID_TEMPORAL_HOLDOUT,REJECTED,not highest-ranked research candidate,2ced956e0c16e823594f7d532c2f0de1fd08a75b,models/v05c/15m/hist_gradient_boosting_15m_20260824T114613529386Z_87fb7d6b7f.joblib,da016a1465f3bbd58eaf2508808f380ad947a39b2d4078ffa3fe75493c17cf6b
xgboost_15m_20260824T114613529386Z_87fb7d6b7f,15,XGBOOST,2026-08-24T11:46:13.529386+00:00,87fb7d6b7f70358eefb80986cac0e9377ab66d1c9a064e616a669e75a970d58e,88d98c59e89f9777109d4501ad5060bab830ca6c288313d0bdacaa1ba7b81de7,32,2026-07-10T10:20:00+00:00,2026-08-24T11:10:00+00:00,8918,5,0.3398433206784944,0.3288690858993377,0.8844334958962253,0.5587452932136447,1.0,-1.5805822502106342e-05,PASS,SIGMOID_TEMPORAL_HOLDOUT,CHALLENGER,"failed gates: history_days, balanced_accuracy_margin, macro_f1_margin, log_loss_margin",2ced956e0c16e823594f7d532c2f0de1fd08a75b,models/v05c/15m/xgboost_15m_20260824T114613529386Z_87fb7d6b7f.joblib,e4b322cb651c02ec21d748062f7a3e69d7f8616bfd5fafd2417daf0ffe06cd90
logistic_regression_60m_20260824T114613529386Z_ade790bbf4,60,LOGISTIC_REGRESSION,2026-08-24T11:46:13.529386+00:00,ade790bbf4d36e35d60511462da0a7e77c3156262b12a773f1bd5e71d7177f11,b34d3e2f9c49f4eb9581fada40ec26a0bbb743d264db7af7827980e9adb3a38c,32,2026-07-10T10:20:00+00:00,2026-08-24T10:25:00+00:00,8846,5,0.3115758469364937,0.3049209368005296,0.826604421241489,0.5408247161040614,1.0,-3.945466451053443e-05,FAIL,SIGMOID_TEMPORAL_HOLDOUT,REJECTED,not highest-ranked research candidate,2ced956e0c16e823594f7d532c2f0de1fd08a75b,models/v05c/60m/logistic_regression_60m_20260824T114613529386Z_ade790bbf4.joblib,47fdfc35ad0bddf398c47b5ca05e010d43a449e41e905bc21b1ce479541529b7
hist_gradient_boosting_60m_20260824T114613529386Z_ade790bbf4,60,HIST_GRADIENT_BOOSTING,2026-08-24T11:46:13.529386+00:00,ade790bbf4d36e35d60511462da0a7e77c3156262b12a773f1bd5e71d7177f11,b34d3e2f9c49f4eb9581fada40ec26a0bbb743d264db7af7827980e9adb3a38c,32,2026-07-10T10:20:00+00:00,2026-08-24T10:25:00+00:00,8846,5,0.32427290641771017,0.3179851293735913,0.8181975691897234,0.5329967422954835,1.0,-8.150011770167752e-06,FAIL,SIGMOID_TEMPORAL_HOLDOUT,REJECTED,not highest-ranked research candidate,2ced956e0c16e823594f7d532c2f0de1fd08a75b,models/v05c/60m/hist_gradient_boosting_60m_20260824T114613529386Z_ade790bbf4.joblib,6086d75cef7afa76845d7b3b82a3085dab898cb0671a7051c27e164918f015d8
xgboost_60m_20260824T114613529386Z_ade790bbf4,60,XGBOOST,2026-08-24T11:46:13.529386+00:00,ade790bbf4d36e35d60511462da0a7e77c3156262b12a773f1bd5e71d7177f11,b34d3e2f9c49f4eb9581fada40ec26a0bbb743d264db7af7827980e9adb3a38c,32,2026-07-10T10:20:00+00:00,2026-08-24T10:25:00+00:00,8846,5,0.34904830286598093,0.34323230713007424,0.8109889217474899,0.5278158387146134,1.0,1.4962228830515422e-05,PASS,SIGMOID_TEMPORAL_HOLDOUT,CHALLENGER,"failed gates: history_days, balanced_accuracy_margin, log_loss_margin",2ced956e0c16e823594f7d532c2f0de1fd08a75b,models/v05c/60m/xgboost_60m_20260824T114613529386Z_ade790bbf4.joblib,d70911e302e91e834e4f344f1457972638449efd781be2a0e70be755b56c3ee8
logistic_regression_240m_20260824T114613529386Z_95d47febf7,240,LOGISTIC_REGRESSION,2026-08-24T11:46:13.529386+00:00,95d47febf7966bd3a5dfe7f449decc242787864ecb2b96fe483c15c3b4ed39e2,eba454ad98b5a54faa7fad685177f3cd6c9fb032a3f1d53379f5efa389d195bb,32,2026-07-10T10:20:00+00:00,2026-08-24T07:25:00+00:00,8558,5,0.31002331002331,0.3034435844702457,0.7867417161636515,0.5403430156144012,0.9997663005375088,2.9734945544260236e-05,FAIL,SIGMOID_TEMPORAL_HOLDOUT,REJECTED,not highest-ranked research candidate,2ced956e0c16e823594f7d532c2f0de1fd08a75b,models/v05c/240m/logistic_regression_240m_20260824T114613529386Z_95d47febf7.joblib,6e00216a070acd0842ad80643c46f3c24e5ca825845cdf52d8e90704216bc469
hist_gradient_boosting_240m_20260824T114613529386Z_95d47febf7,240,HIST_GRADIENT_BOOSTING,2026-08-24T11:46:13.529386+00:00,95d47febf7966bd3a5dfe7f449decc242787864ecb2b96fe483c15c3b4ed39e2,eba454ad98b5a54faa7fad685177f3cd6c9fb032a3f1d53379f5efa389d195bb,32,2026-07-10T10:20:00+00:00,2026-08-24T07:25:00+00:00,8558,5,0.3296062911447527,0.327170384106695,0.7789449925860763,0.5333401038536958,1.0,1.8660575816545965e-05,PASS,SIGMOID_TEMPORAL_HOLDOUT,CHALLENGER,"failed gates: history_days, balanced_accuracy_margin, macro_f1_margin, log_loss_margin",2ced956e0c16e823594f7d532c2f0de1fd08a75b,models/v05c/240m/hist_gradient_boosting_240m_20260824T114613529386Z_95d47febf7.joblib,038dcd50f0d070853288bd53983fe7c9ff42af0244acdfa28d5c8abd13b9a63d
xgboost_240m_20260824T114613529386Z_95d47febf7,240,XGBOOST,2026-08-24T11:46:13.529386+00:00,95d47febf7966bd3a5dfe7f449decc242787864ecb2b96fe483c15c3b4ed39e2,eba454ad98b5a54faa7fad685177f3cd6c9fb032a3f1d53379f5efa389d195bb,32,2026-07-10T10:20:00+00:00,2026-08-24T07:25:00+00:00,8558,5,0.31793847178462564,0.3144123802433836,0.7699355673105222,0.5274689133084456,1.0,-2.810776631965629e-05,FAIL,SIGMOID_TEMPORAL_HOLDOUT,REJECTED,not highest-ranked research candidate,2ced956e0c16e823594f7d532c2f0de1fd08a75b,models/v05c/240m/xgboost_240m_20260824T114613529386Z_95d47febf7.joblib,86acb63a6277d3c7a13447a1cd4ea9a4e0f596c6ec43653d053495100f85e108
logistic_regression_15m_20260824T114835751265Z_87fb7d6b7f,15,LOGISTIC_REGRESSION,2026-08-24T11:48:35.751265+00:00,87fb7d6b7f70358eefb80986cac0e9377ab66d1c9a064e616a669e75a970d58e,88d98c59e89f9777109d4501ad5060bab830ca6c288313d0bdacaa1ba7b81de7,32,2026-07-10T10:20:00+00:00,2026-08-24T11:10:00+00:00,8918,5,0.3328528475880385,0.3255325460273068,0.8810733780848529,0.5576621663891312,0.9977573446961202,-1.9328760462824848e-05,FAIL,SIGMOID_TEMPORAL_HOLDOUT,REJECTED,not highest-ranked research candidate,2ced956e0c16e823594f7d532c2f0de1fd08a75b,models/v05c/15m/logistic_regression_15m_20260824T114835751265Z_87fb7d6b7f.joblib,25921d57b2cebbd803d73425ac0566a5d9f8b8e1e8aa7673ced8185bab78c371
hist_gradient_boosting_15m_20260824T114835751265Z_87fb7d6b7f,15,HIST_GRADIENT_BOOSTING,2026-08-24T11:48:35.751265+00:00,87fb7d6b7f70358eefb80986cac0e9377ab66d1c9a064e616a669e75a970d58e,88d98c59e89f9777109d4501ad5060bab830ca6c288313d0bdacaa1ba7b81de7,32,2026-07-10T10:20:00+00:00,2026-08-24T11:10:00+00:00,8918,5,0.3296795389571392,0.3191417556565545,0.8827323000560452,0.5575353359854974,1.0,-1.7898924570181673e-05,PASS,SIGMOID_TEMPORAL_HOLDOUT,REJECTED,not highest-ranked research candidate,2ced956e0c16e823594f7d532c2f0de1fd08a75b,models/v05c/15m/hist_gradient_boosting_15m_20260824T114835751265Z_87fb7d6b7f.joblib,c4ad28f395123fff72955b765012632d21a2837365a8fd3ad3d5c99abb6fd116
xgboost_15m_20260824T114835751265Z_87fb7d6b7f,15,XGBOOST,2026-08-24T11:48:35.751265+00:00,87fb7d6b7f70358eefb80986cac0e9377ab66d1c9a064e616a669e75a970d58e,88d98c59e89f9777109d4501ad5060bab830ca6c288313d0bdacaa1ba7b81de7,32,2026-07-10T10:20:00+00:00,2026-08-24T11:10:00+00:00,8918,5,0.3398433206784944,0.3288690858993377,0.8844334958962253,0.5587452932136447,1.0,-1.5805822502106342e-05,PASS,SIGMOID_TEMPORAL_HOLDOUT,CHALLENGER,"failed gates: history_days, balanced_accuracy_margin, macro_f1_margin, log_loss_margin",2ced956e0c16e823594f7d532c2f0de1fd08a75b,models/v05c/15m/xgboost_15m_20260824T114835751265Z_87fb7d6b7f.joblib,2d65568a25ad9efead7566a6d8c47f92307cd14172ea5579a25042e818c54480
logistic_regression_60m_20260824T114835751265Z_ade790bbf4,60,LOGISTIC_REGRESSION,2026-08-24T11:48:35.751265+00:00,ade790bbf4d36e35d60511462da0a7e77c3156262b12a773f1bd5e71d7177f11,b34d3e2f9c49f4eb9581fada40ec26a0bbb743d264db7af7827980e9adb3a38c,32,2026-07-10T10:20:00+00:00,2026-08-24T10:25:00+00:00,8846,5,0.3115758469364937,0.3049209368005296,0.826604421241489,0.5408247161040614,1.0,-3.945466451053443e-05,FAIL,SIGMOID_TEMPORAL_HOLDOUT,REJECTED,not highest-ranked research candidate,2ced956e0c16e823594f7d532c2f0de1fd08a75b,models/v05c/60m/logistic_regression_60m_20260824T114835751265Z_ade790bbf4.joblib,6f1c7380f502a3cf224238013a91665c83b5273a423f4aa4dbb4a22c64c27532
hist_gradient_boosting_60m_20260824T114835751265Z_ade790bbf4,60,HIST_GRADIENT_BOOSTING,2026-08-24T11:48:35.751265+00:00,ade790bbf4d36e35d60511462da0a7e77c3156262b12a773f1bd5e71d7177f11,b34d3e2f9c49f4eb9581fada40ec26a0bbb743d264db7af7827980e9adb3a38c,32,2026-07-10T10:20:00+00:00,2026-08-24T10:25:00+00:00,8846,5,0.32427290641771017,0.3179851293735913,0.8181975691897234,0.5329967422954835,1.0,-8.150011770167752e-06,FAIL,SIGMOID_TEMPORAL_HOLDOUT,REJECTED,not highest-ranked research candidate,2ced956e0c16e823594f7d532c2f0de1fd08a75b,models/v05c/60m/hist_gradient_boosting_60m_20260824T114835751265Z_ade790bbf4.joblib,324f6ee3ce9000528d328c6576005026dd2a5e1fba2c3ef5d6fd1c6fdb3b88a8
xgboost_60m_20260824T114835751265Z_ade790bbf4,60,XGBOOST,2026-08-24T11:48:35.751265+00:00,ade790bbf4d36e35d60511462da0a7e77c3156262b12a773f1bd5e71d7177f11,b34d3e2f9c49f4eb9581fada40ec26a0bbb743d264db7af7827980e9adb3a38c,32,2026-07-10T10:20:00+00:00,2026-08-24T10:25:00+00:00,8846,5,0.34904830286598093,0.34323230713007424,0.8109889217474899,0.5278158387146134,1.0,1.4962228830515422e-05,PASS,SIGMOID_TEMPORAL_HOLDOUT,CHALLENGER,"failed gates: history_days, balanced_accuracy_margin, log_loss_margin",2ced956e0c16e823594f7d532c2f0de1fd08a75b,models/v05c/60m/xgboost_60m_20260824T114835751265Z_ade790bbf4.joblib,60a198844712839eebceb562cbc44085fb83773c8c7fa7babc865e853fa348c3
logistic_regression_240m_20260824T114835751265Z_95d47febf7,240,LOGISTIC_REGRESSION,2026-08-24T11:48:35.751265+00:00,95d47febf7966bd3a5dfe7f449decc242787864ecb2b96fe483c15c3b4ed39e2,eba454ad98b5a54faa7fad685177f3cd6c9fb032a3f1d53379f5efa389d195bb,32,2026-07-10T10:20:00+00:00,2026-08-24T07:25:00+00:00,8558,5,0.31002331002331,0.3034435844702457,0.7867417161636515,0.5403430156144012,0.9997663005375088,2.9734945544260236e-05,FAIL,SIGMOID_TEMPORAL_HOLDOUT,REJECTED,not highest-ranked research candidate,2ced956e0c16e823594f7d532c2f0de1fd08a75b,models/v05c/240m/logistic_regression_240m_20260824T114835751265Z_95d47febf7.joblib,66700323cf381e20bcc261ecbe80a1766e8d9e861770dee39443b0ab0593504d
hist_gradient_boosting_240m_20260824T114835751265Z_95d47febf7,240,HIST_GRADIENT_BOOSTING,2026-08-24T11:48:35.751265+00:00,95d47febf7966bd3a5dfe7f449decc242787864ecb2b96fe483c15c3b4ed39e2,eba454ad98b5a54faa7fad685177f3cd6c9fb032a3f1d53379f5efa389d195bb,32,2026-07-10T10:20:00+00:00,2026-08-24T07:25:00+00:00,8558,5,0.3296062911447527,0.327170384106695,0.7789449925860763,0.5333401038536958,1.0,1.8660575816545965e-05,PASS,SIGMOID_TEMPORAL_HOLDOUT,CHALLENGER,"failed gates: history_days, balanced_accuracy_margin, macro_f1_margin, log_loss_margin",2ced956e0c16e823594f7d532c2f0de1fd08a75b,models/v05c/240m/hist_gradient_boosting_240m_20260824T114835751265Z_95d47febf7.joblib,a2cc979dc424df74bd3107516f3dc59dcfe5b1525aaafb8b49147420c2a8139d
xgboost_240m_20260824T114835751265Z_95d47febf7,240,XGBOOST,2026-08-24T11:48:35.751265+00:00,95d47febf7966bd3a5dfe7f449decc242787864ecb2b96fe483c15c3b4ed39e2,eba454ad98b5a54faa7fad685177f3cd6c9fb032a3f1d53379f5efa389d195bb,32,2026-07-10T10:20:00+00:00,2026-08-24T07:25:00+00:00,8558,5,0.31793847178462564,0.3144123802433836,0.7699355673105222,0.5274689133084456,1.0,-2.810776631965629e-05,FAIL,SIGMOID_TEMPORAL_HOLDOUT,REJECTED,not highest-ranked research candidate,2ced956e0c16e823594f7d532c2f0de1fd08a75b,models/v05c/240m/xgboost_240m_20260824T114835751265Z_95d47febf7.joblib,a2fdbc19f8beec327bb2e0b9ddbb7045bc19908c4bb31aa53f3594a77b40e873
