horizon_minutes,fold_id,train_start,train_end,validation_start,validation_end,purge_minutes,train_rows,validation_rows,future_violation
15,1,2026-02-17 01:00:00+00:00,2026-05-26 15:10:00+00:00,2026-05-26 15:30:00+00:00,2026-06-12 16:30:00+00:00,15,15748,3150,0
15,2,2026-02-17 01:00:00+00:00,2026-06-12 16:15:00+00:00,2026-06-12 16:35:00+00:00,2026-07-02 18:30:00+00:00,15,18898,3150,0
15,3,2026-02-17 01:00:00+00:00,2026-07-02 18:15:00+00:00,2026-07-02 18:35:00+00:00,2026-07-22 20:30:00+00:00,15,22048,3150,0
15,4,2026-02-17 01:00:00+00:00,2026-07-22 20:15:00+00:00,2026-07-22 20:35:00+00:00,2026-08-11 22:45:00+00:00,15,25198,3150,0
15,5,2026-02-17 01:00:00+00:00,2026-08-11 22:30:00+00:00,2026-08-11 22:50:00+00:00,2026-08-28 23:45:00+00:00,15,28348,3152,0
60,1,2026-02-17 01:00:00+00:00,2026-05-26 14:25:00+00:00,2026-05-26 15:30:00+00:00,2026-06-12 15:55:00+00:00,60,15613,3125,0
60,2,2026-02-17 01:00:00+00:00,2026-06-12 14:55:00+00:00,2026-06-12 16:00:00+00:00,2026-07-02 18:05:00+00:00,60,18738,3125,0
60,3,2026-02-17 01:00:00+00:00,2026-07-02 17:05:00+00:00,2026-07-02 18:10:00+00:00,2026-07-22 20:15:00+00:00,60,21863,3125,0
60,4,2026-02-17 01:00:00+00:00,2026-07-22 19:15:00+00:00,2026-07-22 20:20:00+00:00,2026-08-11 22:40:00+00:00,60,24988,3125,0
60,5,2026-02-17 01:00:00+00:00,2026-08-11 21:40:00+00:00,2026-08-11 22:45:00+00:00,2026-08-28 23:00:00+00:00,60,28113,3126,0
240,1,2026-02-17 01:00:00+00:00,2026-05-26 11:25:00+00:00,2026-05-26 15:30:00+00:00,2026-06-12 13:30:00+00:00,240,15073,3024,0
240,2,2026-02-17 01:00:00+00:00,2026-06-12 09:30:00+00:00,2026-06-12 13:35:00+00:00,2026-07-02 16:15:00+00:00,240,18097,3024,0
240,3,2026-02-17 01:00:00+00:00,2026-07-02 12:15:00+00:00,2026-07-02 16:20:00+00:00,2026-07-22 19:00:00+00:00,240,21121,3024,0
240,4,2026-02-17 01:00:00+00:00,2026-07-22 15:00:00+00:00,2026-07-22 19:05:00+00:00,2026-08-11 22:00:00+00:00,240,24145,3024,0
240,5,2026-02-17 01:00:00+00:00,2026-08-11 18:00:00+00:00,2026-08-11 22:05:00+00:00,2026-08-28 20:00:00+00:00,240,27169,3026,0
