feature_group,feature_name,dtype,enabled,causal_basis
MARKET_CORE,m1_return_1m,float64,True,V0.5A value available at or before decision_timestamp_utc
MARKET_CORE,m1_return_5m,float64,True,V0.5A value available at or before decision_timestamp_utc
MARKET_CORE,m1_volatility_15m,float64,True,V0.5A value available at or before decision_timestamp_utc
MARKET_CORE,m1_spread_points,float64,True,V0.5A value available at or before decision_timestamp_utc
MARKET_CORE,m1_tick_volume,float64,True,V0.5A value available at or before decision_timestamp_utc
MARKET_CORE,m5_return_5m,float64,True,V0.5A value available at or before decision_timestamp_utc
MARKET_CORE,m5_return_15m,float64,True,V0.5A value available at or before decision_timestamp_utc
MARKET_CORE,m5_return_60m,float64,True,V0.5A value available at or before decision_timestamp_utc
MARKET_CORE,m5_return_240m,float64,True,V0.5A value available at or before decision_timestamp_utc
MARKET_CORE,m5_volatility_15m,float64,True,V0.5A value available at or before decision_timestamp_utc
MARKET_CORE,m5_volatility_60m,float64,True,V0.5A value available at or before decision_timestamp_utc
MARKET_CORE,m5_volatility_240m,float64,True,V0.5A value available at or before decision_timestamp_utc
MARKET_CORE,m5_spread_points,int64,True,V0.5A value available at or before decision_timestamp_utc
MARKET_CORE,m5_spread_median_60m,float64,True,V0.5A value available at or before decision_timestamp_utc
MARKET_CORE,m5_spread_max_60m,float64,True,V0.5A value available at or before decision_timestamp_utc
MARKET_CORE,m5_tick_volume,int64,True,V0.5A value available at or before decision_timestamp_utc
MARKET_CORE,m5_tick_volume_mean_60m,float64,True,V0.5A value available at or before decision_timestamp_utc
MARKET_CORE,m15_return_15m,float64,True,V0.5A value available at or before decision_timestamp_utc
MARKET_CORE,m15_return_60m,float64,True,V0.5A value available at or before decision_timestamp_utc
MARKET_CORE,m15_return_240m,float64,True,V0.5A value available at or before decision_timestamp_utc
MARKET_CORE,m15_volatility_60m,float64,True,V0.5A value available at or before decision_timestamp_utc
MARKET_CORE,m15_volatility_240m,float64,True,V0.5A value available at or before decision_timestamp_utc
MARKET_CORE,h1_return_60m,float64,True,V0.5A value available at or before decision_timestamp_utc
MARKET_CORE,h1_return_240m,float64,True,V0.5A value available at or before decision_timestamp_utc
MARKET_CORE,h1_volatility_240m,float64,True,V0.5A value available at or before decision_timestamp_utc
MARKET_CORE,h1_volatility_1440m,float64,True,V0.5A value available at or before decision_timestamp_utc
MARKET_CORE,utc_hour,int16,True,V0.5A value available at or before decision_timestamp_utc
MARKET_CORE,day_of_week,int8,True,V0.5A value available at or before decision_timestamp_utc
MARKET_CORE,is_asia_session,int8,True,V0.5A value available at or before decision_timestamp_utc
MARKET_CORE,is_london_session,int8,True,V0.5A value available at or before decision_timestamp_utc
MARKET_CORE,is_new_york_session,int8,True,V0.5A value available at or before decision_timestamp_utc
MARKET_CORE,is_london_ny_overlap,int8,True,V0.5A value available at or before decision_timestamp_utc
