monitor,feature,reference_rows,recent_rows,psi,standardized_mean_shift,missing_rate_shift,status
MARKET_REGIME_MONITOR_1D,m1_return_1m,4146,172,0.1387354369163192,0.0598095624532764,0.3350217076700434,DEGRADED
MARKET_REGIME_MONITOR_1D,m1_return_5m,4146,172,0.03713535805447044,0.06513885998299443,0.32944895051548706,DEGRADED
MARKET_REGIME_MONITOR_1D,m1_volatility_15m,4146,172,0.2353065517351678,0.30048036825930124,0.3187858288740058,DEGRADED
MARKET_REGIME_MONITOR_1D,m1_spread_points,4146,172,1.0,0.10862156424930755,0.3347805113362277,DEGRADED
MARKET_REGIME_MONITOR_1D,m1_tick_volume,4146,172,0.2367748287175071,0.2599328892066807,0.3347805113362277,DEGRADED
MARKET_REGIME_MONITOR_1D,m5_return_5m,4146,172,0.0944505151924617,0.05555868129545486,0.005331560820740641,NORMAL
MARKET_REGIME_MONITOR_1D,m5_return_15m,4146,172,0.06953394307192691,0.10239161372765639,0.015994682462221924,NORMAL
MARKET_REGIME_MONITOR_1D,m5_return_60m,4146,172,0.21560824723001223,0.2396686563569208,0.0639787298488877,WATCH
MARKET_REGIME_MONITOR_1D,m5_return_240m,4146,172,2.6549800693860086,0.6020632358978286,0.2559149193955508,DEGRADED
MARKET_REGIME_MONITOR_1D,m5_volatility_15m,4146,172,0.14164663918545223,0.24723107178409118,0.015994682462221924,WATCH
MARKET_REGIME_MONITOR_1D,m5_volatility_60m,4146,172,1.4237745548469942,0.2927578975878249,0.0639787298488877,DEGRADED
MARKET_REGIME_MONITOR_1D,m5_volatility_240m,4146,172,6.50391478424253,0.3377175860310751,0.2559149193955508,DEGRADED
MARKET_REGIME_MONITOR_1D,m5_spread_points,4146,172,1.0,0.21609152990186312,0.0,DEGRADED
MARKET_REGIME_MONITOR_1D,m5_spread_median_60m,4146,172,1.0,0.028788158130296948,0.0,DEGRADED
MARKET_REGIME_MONITOR_1D,m5_spread_max_60m,4146,172,1.0,0.5861656857270955,0.0,DEGRADED
MARKET_REGIME_MONITOR_1D,m5_tick_volume,4146,172,0.33678432351530535,0.44164645148301623,0.0,WATCH
MARKET_REGIME_MONITOR_1D,m5_tick_volume_mean_60m,4146,172,1.42976861339618,0.5116590755308975,0.0,DEGRADED
MARKET_REGIME_MONITOR_1D,m15_return_15m,4146,172,0.17018106619759646,0.10535183820857853,0.015994682462221924,NORMAL
MARKET_REGIME_MONITOR_1D,m15_return_60m,4146,172,1.3871092178468631,0.24700930248571235,0.0639787298488877,DEGRADED
MARKET_REGIME_MONITOR_1D,m15_return_240m,4146,172,2.747251592934883,0.6235074862348465,0.2559149193955508,DEGRADED
MARKET_REGIME_MONITOR_1D,m15_volatility_60m,4146,172,0.2182097107957916,0.027889382758904235,0.0639787298488877,WATCH
MARKET_REGIME_MONITOR_1D,m15_volatility_240m,4146,172,2.7662040692601684,0.008482242379567718,0.2559149193955508,DEGRADED
MARKET_REGIME_MONITOR_1D,h1_return_60m,4146,172,2.6953983832412955,0.29498115877741427,0.0639787298488877,DEGRADED
MARKET_REGIME_MONITOR_1D,h1_return_240m,4146,172,5.128397900730915,0.6637811422528995,0.2559149193955508,DEGRADED
MARKET_REGIME_MONITOR_1D,h1_volatility_240m,4146,172,5.107541560571525,0.27313552596850593,0.2559149193955508,DEGRADED
MARKET_REGIME_MONITOR_1D,h1_volatility_1440m,4146,172,12.402963115917222,0.5096098892875432,0.766967881623083,DEGRADED
MARKET_REGIME_MONITOR_1D,utc_hour,4146,172,3.873426650260729,0.7111422142544798,0.0,DEGRADED
MARKET_REGIME_MONITOR_1D,day_of_week,4146,172,11.718183548272853,1.509522694187509,0.0,DEGRADED
MARKET_REGIME_MONITOR_1D,is_asia_session,4146,172,1.0,0.5341219869356136,0.0,DEGRADED
MARKET_REGIME_MONITOR_1D,is_london_session,4146,172,1.0,0.3080661739833464,0.0,DEGRADED
MARKET_REGIME_MONITOR_1D,is_new_york_session,4146,172,1.0,0.44146196291560996,0.0,DEGRADED
MARKET_REGIME_MONITOR_1D,is_london_ny_overlap,4146,172,1.0,0.006501306818092374,0.0,DEGRADED
MARKET_REGIME_MONITOR_5D,m1_return_1m,4032,862,0.11892664527304775,0.10504498323946862,0.48735119047619047,DEGRADED
MARKET_REGIME_MONITOR_5D,m1_return_5m,4032,862,0.11568618812476952,0.026894043585406115,0.48643911354178176,DEGRADED
MARKET_REGIME_MONITOR_5D,m1_volatility_15m,4032,862,0.2670073322740207,0.5562803042505028,0.48511099141899605,DEGRADED
MARKET_REGIME_MONITOR_5D,m1_spread_points,4032,862,1.0,0.0170134490765639,0.4871031746031746,DEGRADED
MARKET_REGIME_MONITOR_5D,m1_tick_volume,4032,862,0.040342227032704174,0.16540522027682855,0.4871031746031746,DEGRADED
MARKET_REGIME_MONITOR_5D,m5_return_5m,4032,862,0.051239998595403194,0.019479668595255163,0.0004160451883769749,NORMAL
MARKET_REGIME_MONITOR_5D,m5_return_15m,4032,862,0.038581172414835926,0.03362909798088077,0.0012481355651309247,NORMAL
MARKET_REGIME_MONITOR_5D,m5_return_60m,4032,862,0.047816770906135446,0.06796331064102228,0.004992542260523699,NORMAL
MARKET_REGIME_MONITOR_5D,m5_return_240m,4032,862,0.1576961889909774,0.1703296940774481,0.019970169042094796,NORMAL
MARKET_REGIME_MONITOR_5D,m5_volatility_15m,4032,862,0.09967589780526243,0.1967512993049332,0.0012481355651309247,NORMAL
MARKET_REGIME_MONITOR_5D,m5_volatility_60m,4032,862,0.2024389400367958,0.2348297204874323,0.004992542260523699,WATCH
MARKET_REGIME_MONITOR_5D,m5_volatility_240m,4032,862,0.501688649578698,0.2833998341908193,0.019970169042094796,DEGRADED
MARKET_REGIME_MONITOR_5D,m5_spread_points,4032,862,1.0,0.01408681223846285,0.0,DEGRADED
MARKET_REGIME_MONITOR_5D,m5_spread_median_60m,4032,862,1.0,0.032732682645128464,0.0,DEGRADED
MARKET_REGIME_MONITOR_5D,m5_spread_max_60m,4032,862,1.0,0.06637189989995267,0.0,DEGRADED
MARKET_REGIME_MONITOR_5D,m5_tick_volume,4032,862,0.07811905132448167,0.2171694526462659,0.0,WATCH
MARKET_REGIME_MONITOR_5D,m5_tick_volume_mean_60m,4032,862,0.1252658150693377,0.2524039226441642,0.0,WATCH
MARKET_REGIME_MONITOR_5D,m15_return_15m,4032,862,0.05131591948011759,0.034265415694214485,0.0012481355651309247,NORMAL
MARKET_REGIME_MONITOR_5D,m15_return_60m,4032,862,0.061120564983668156,0.06600244015742578,0.004992542260523699,NORMAL
MARKET_REGIME_MONITOR_5D,m15_return_240m,4032,862,0.19289155576573155,0.16968254437018582,0.019970169042094796,NORMAL
MARKET_REGIME_MONITOR_5D,m15_volatility_60m,4032,862,0.1183697710754649,0.12025906824307632,0.004992542260523699,NORMAL
MARKET_REGIME_MONITOR_5D,m15_volatility_240m,4032,862,0.5346038971429748,0.2216139838770089,0.019970169042094796,DEGRADED
MARKET_REGIME_MONITOR_5D,h1_return_60m,4032,862,0.1517447612151752,0.06326102453113419,0.004992542260523699,NORMAL
MARKET_REGIME_MONITOR_5D,h1_return_240m,4032,862,0.24844003330457143,0.17380922979943436,0.019970169042094796,WATCH
MARKET_REGIME_MONITOR_5D,h1_volatility_240m,4032,862,1.4133488855394056,0.19564348374613214,0.019970169042094796,DEGRADED
MARKET_REGIME_MONITOR_5D,h1_volatility_1440m,4032,862,9.127541573820766,0.3792512468376085,0.027510772290354646,DEGRADED
MARKET_REGIME_MONITOR_5D,utc_hour,4032,862,5.991485820449701e-05,0.0008378486544693959,0.0,NORMAL
MARKET_REGIME_MONITOR_5D,day_of_week,4032,862,2.8135294679582397,0.44584090180424085,0.0,DEGRADED
MARKET_REGIME_MONITOR_5D,is_asia_session,4032,862,1.0,0.001796985167402124,0.0,DEGRADED
MARKET_REGIME_MONITOR_5D,is_london_session,4032,862,1.0,0.0029949752790035017,0.0,DEGRADED
MARKET_REGIME_MONITOR_5D,is_new_york_session,4032,862,1.0,0.0029949752790035017,0.0,DEGRADED
MARKET_REGIME_MONITOR_5D,is_london_ny_overlap,4032,862,1.0,0.00518744935064679,0.0,DEGRADED
MARKET_REGIME_MONITOR_20D,m1_return_1m,4032,4030,,,0.7267990074441688,DEGRADED
MARKET_REGIME_MONITOR_20D,m1_return_5m,4032,4030,,,0.726302729528536,DEGRADED
MARKET_REGIME_MONITOR_20D,m1_volatility_15m,4032,4030,,,0.7248138957816377,DEGRADED
MARKET_REGIME_MONITOR_20D,m1_spread_points,4032,4030,,,0.7270471464019851,DEGRADED
MARKET_REGIME_MONITOR_20D,m1_tick_volume,4032,4030,,,0.7270471464019851,DEGRADED
MARKET_REGIME_MONITOR_20D,m5_return_5m,4032,4030,0.04129628501975915,0.00823644564527904,3.692544015125067e-07,NORMAL
MARKET_REGIME_MONITOR_20D,m5_return_15m,4032,4030,0.035506414037250814,0.012937602890152198,1.10776320453752e-06,NORMAL
MARKET_REGIME_MONITOR_20D,m5_return_60m,4032,4030,0.06222144697962447,0.03028454716455464,4.43105281815008e-06,NORMAL
MARKET_REGIME_MONITOR_20D,m5_return_240m,4032,4030,0.1203817710919396,0.07369165955702564,1.772421127260032e-05,NORMAL
MARKET_REGIME_MONITOR_20D,m5_volatility_15m,4032,4030,0.056482495341524,0.18063315131843777,1.10776320453752e-06,NORMAL
MARKET_REGIME_MONITOR_20D,m5_volatility_60m,4032,4030,0.1273064535064226,0.24332345063965727,4.43105281815008e-06,WATCH
MARKET_REGIME_MONITOR_20D,m5_volatility_240m,4032,4030,0.286729244040872,0.28471098388675814,1.772421127260032e-05,WATCH
MARKET_REGIME_MONITOR_20D,m5_spread_points,4032,4030,1.0,0.030998039759747676,0.0,DEGRADED
MARKET_REGIME_MONITOR_20D,m5_spread_median_60m,4032,4030,1.0,0.017263555625322637,0.0,DEGRADED
MARKET_REGIME_MONITOR_20D,m5_spread_max_60m,4032,4030,1.0,0.06876568836153926,0.0,DEGRADED
MARKET_REGIME_MONITOR_20D,m5_tick_volume,4032,4030,0.29667730450483876,0.4209635075773948,0.0,WATCH
MARKET_REGIME_MONITOR_20D,m5_tick_volume_mean_60m,4032,4030,0.3840930499505104,0.4856844881879339,0.0,WATCH
MARKET_REGIME_MONITOR_20D,m15_return_15m,4032,4030,0.059326162632326554,0.014917345683324514,1.10776320453752e-06,NORMAL
MARKET_REGIME_MONITOR_20D,m15_return_60m,4032,4030,0.05354010516196733,0.030543863242660167,4.43105281815008e-06,NORMAL
MARKET_REGIME_MONITOR_20D,m15_return_240m,4032,4030,0.11913006367275034,0.07311541833761649,1.772421127260032e-05,NORMAL
MARKET_REGIME_MONITOR_20D,m15_volatility_60m,4032,4030,0.09992274706730907,0.22549483871209683,4.43105281815008e-06,WATCH
MARKET_REGIME_MONITOR_20D,m15_volatility_240m,4032,4030,0.1957804874698378,0.2839603479097409,1.772421127260032e-05,WATCH
MARKET_REGIME_MONITOR_20D,h1_return_60m,4032,4030,0.08995985890626436,0.03367238035130388,4.43105281815008e-06,NORMAL
MARKET_REGIME_MONITOR_20D,h1_return_240m,4032,4030,0.1416905090598821,0.07338823283734465,1.772421127260032e-05,NORMAL
MARKET_REGIME_MONITOR_20D,h1_volatility_240m,4032,4030,0.2207884083803699,0.2738444866777781,1.772421127260032e-05,WATCH
MARKET_REGIME_MONITOR_20D,h1_volatility_1440m,4032,4030,1.621969182372813,0.5344981523023014,0.0314073023750443,DEGRADED
MARKET_REGIME_MONITOR_20D,utc_hour,4032,4030,2.7159568590382654e-06,0.00017921229284193524,0.0,NORMAL
MARKET_REGIME_MONITOR_20D,day_of_week,4032,4030,0.015241104634388658,0.04979688377956055,0.0,NORMAL
MARKET_REGIME_MONITOR_20D,is_asia_session,4032,4030,1.0,0.0003843675469728767,0.0,DEGRADED
MARKET_REGIME_MONITOR_20D,is_london_session,4032,4030,1.0,0.0006406125782881278,0.0,DEGRADED
MARKET_REGIME_MONITOR_20D,is_new_york_session,4032,4030,1.0,0.0006406125782881278,0.0,DEGRADED
MARKET_REGIME_MONITOR_20D,is_london_ny_overlap,4032,4030,1.0,0.001109573533562683,0.0,DEGRADED
MODEL_DRIFT,ALL,0,0,,,,INSUFFICIENT_DATA
