analysis,feature,related_feature,value,interpretation
MUTUAL_INFORMATION_15M,regime_m15_volume_ratio,target_class,0.12217603586489112,UNIVARIATE_ASSOCIATION_NOT_CAUSAL_IMPORTANCE
MUTUAL_INFORMATION_15M,technical_m15_bollinger_z,target_class,0.11999142249638695,UNIVARIATE_ASSOCIATION_NOT_CAUSAL_IMPORTANCE
MUTUAL_INFORMATION_15M,technical_m15_atr_fraction,target_class,0.11547171194746708,UNIVARIATE_ASSOCIATION_NOT_CAUSAL_IMPORTANCE
MUTUAL_INFORMATION_15M,technical_m15_ema20_50_gap_atr,target_class,0.10970561749874452,UNIVARIATE_ASSOCIATION_NOT_CAUSAL_IMPORTANCE
MUTUAL_INFORMATION_15M,support_resistance_m15_previous_day_low_distance_atr,target_class,0.10831210364396404,UNIVARIATE_ASSOCIATION_NOT_CAUSAL_IMPORTANCE
MUTUAL_INFORMATION_15M,support_resistance_m15_ema20_distance_atr,target_class,0.10568337326544697,UNIVARIATE_ASSOCIATION_NOT_CAUSAL_IMPORTANCE
MUTUAL_INFORMATION_15M,support_resistance_m15_previous_day_high_distance_atr,target_class,0.10561343730346318,UNIVARIATE_ASSOCIATION_NOT_CAUSAL_IMPORTANCE
MUTUAL_INFORMATION_15M,technical_m15_ema20_gap_atr,target_class,0.10499140871147805,UNIVARIATE_ASSOCIATION_NOT_CAUSAL_IMPORTANCE
MUTUAL_INFORMATION_15M,technical_m15_rsi14,target_class,0.1048078008962181,UNIVARIATE_ASSOCIATION_NOT_CAUSAL_IMPORTANCE
MUTUAL_INFORMATION_15M,technical_m15_range_atr,target_class,0.10222337103911894,UNIVARIATE_ASSOCIATION_NOT_CAUSAL_IMPORTANCE
MUTUAL_INFORMATION_15M,price_action_m15_body_direction,target_class,0.09905771982545453,UNIVARIATE_ASSOCIATION_NOT_CAUSAL_IMPORTANCE
MUTUAL_INFORMATION_15M,support_resistance_m15_resistance_distance_atr,target_class,0.09002440957200353,UNIVARIATE_ASSOCIATION_NOT_CAUSAL_IMPORTANCE
MUTUAL_INFORMATION_15M,support_resistance_h1_ema20_distance_atr,target_class,0.08657025478427216,UNIVARIATE_ASSOCIATION_NOT_CAUSAL_IMPORTANCE
MUTUAL_INFORMATION_15M,technical_h1_ema20_50_gap_atr,target_class,0.08416143176847846,UNIVARIATE_ASSOCIATION_NOT_CAUSAL_IMPORTANCE
MUTUAL_INFORMATION_15M,support_resistance_m15_support_distance_atr,target_class,0.08411496162492371,UNIVARIATE_ASSOCIATION_NOT_CAUSAL_IMPORTANCE
MUTUAL_INFORMATION_15M,technical_h1_ema20_gap_atr,target_class,0.08378179964001631,UNIVARIATE_ASSOCIATION_NOT_CAUSAL_IMPORTANCE
MUTUAL_INFORMATION_15M,support_resistance_h1_previous_day_low_distance_atr,target_class,0.08218003777018001,UNIVARIATE_ASSOCIATION_NOT_CAUSAL_IMPORTANCE
MUTUAL_INFORMATION_15M,regime_h1_volume_ratio,target_class,0.08199489632270751,UNIVARIATE_ASSOCIATION_NOT_CAUSAL_IMPORTANCE
MUTUAL_INFORMATION_15M,technical_h1_rsi14,target_class,0.08185052704221607,UNIVARIATE_ASSOCIATION_NOT_CAUSAL_IMPORTANCE
MUTUAL_INFORMATION_15M,technical_h1_bollinger_z,target_class,0.08104109052581454,UNIVARIATE_ASSOCIATION_NOT_CAUSAL_IMPORTANCE
MUTUAL_INFORMATION_15M,technical_h1_range_atr,target_class,0.0804628153074014,UNIVARIATE_ASSOCIATION_NOT_CAUSAL_IMPORTANCE
MUTUAL_INFORMATION_15M,support_resistance_h1_previous_day_high_distance_atr,target_class,0.0804216723679636,UNIVARIATE_ASSOCIATION_NOT_CAUSAL_IMPORTANCE
MUTUAL_INFORMATION_15M,price_action_h1_body_direction,target_class,0.07889278406916911,UNIVARIATE_ASSOCIATION_NOT_CAUSAL_IMPORTANCE
MUTUAL_INFORMATION_15M,technical_h1_atr_fraction,target_class,0.07809441769579473,UNIVARIATE_ASSOCIATION_NOT_CAUSAL_IMPORTANCE
MUTUAL_INFORMATION_15M,support_resistance_h1_support_distance_atr,target_class,0.07197288356756881,UNIVARIATE_ASSOCIATION_NOT_CAUSAL_IMPORTANCE
MUTUAL_INFORMATION_15M,support_resistance_h1_resistance_distance_atr,target_class,0.07101753006184741,UNIVARIATE_ASSOCIATION_NOT_CAUSAL_IMPORTANCE
MUTUAL_INFORMATION_15M,technical_m5_atr_fraction,target_class,0.021460346289815968,UNIVARIATE_ASSOCIATION_NOT_CAUSAL_IMPORTANCE
MUTUAL_INFORMATION_15M,regime_h1_volatility_rank,target_class,0.0178075357104599,UNIVARIATE_ASSOCIATION_NOT_CAUSAL_IMPORTANCE
MUTUAL_INFORMATION_15M,support_resistance_m5_previous_day_high_distance_atr,target_class,0.01199739035444991,UNIVARIATE_ASSOCIATION_NOT_CAUSAL_IMPORTANCE
MUTUAL_INFORMATION_15M,liquidity_m15_fvg_open_count,target_class,0.009704170861661865,UNIVARIATE_ASSOCIATION_NOT_CAUSAL_IMPORTANCE
MUTUAL_INFORMATION_15M,structure_m5_state,target_class,0.008564756245312832,UNIVARIATE_ASSOCIATION_NOT_CAUSAL_IMPORTANCE
MUTUAL_INFORMATION_15M,structure_m15_state,target_class,0.00844223628510754,UNIVARIATE_ASSOCIATION_NOT_CAUSAL_IMPORTANCE
MUTUAL_INFORMATION_15M,technical_m5_rsi14,target_class,0.007699323055888607,UNIVARIATE_ASSOCIATION_NOT_CAUSAL_IMPORTANCE
MUTUAL_INFORMATION_15M,regime_m5_volume_ratio,target_class,0.007579169450474543,UNIVARIATE_ASSOCIATION_NOT_CAUSAL_IMPORTANCE
MUTUAL_INFORMATION_15M,regime_m15_volatility_rank,target_class,0.007290778978365164,UNIVARIATE_ASSOCIATION_NOT_CAUSAL_IMPORTANCE
MUTUAL_INFORMATION_15M,technical_m5_ema20_50_gap_atr,target_class,0.006568388328551222,UNIVARIATE_ASSOCIATION_NOT_CAUSAL_IMPORTANCE
MUTUAL_INFORMATION_15M,pattern_h1_triple_bottom,target_class,0.0064156276973827975,UNIVARIATE_ASSOCIATION_NOT_CAUSAL_IMPORTANCE
MUTUAL_INFORMATION_15M,liquidity_m15_fvg_fill,target_class,0.006331789167849378,UNIVARIATE_ASSOCIATION_NOT_CAUSAL_IMPORTANCE
MUTUAL_INFORMATION_15M,liquidity_m5_equal_low,target_class,0.006149606125826601,UNIVARIATE_ASSOCIATION_NOT_CAUSAL_IMPORTANCE
MUTUAL_INFORMATION_15M,liquidity_m15_sweep,target_class,0.00606780848948496,UNIVARIATE_ASSOCIATION_NOT_CAUSAL_IMPORTANCE
MUTUAL_INFORMATION_15M,regime_m5_volatility_rank,target_class,0.006051356297551047,UNIVARIATE_ASSOCIATION_NOT_CAUSAL_IMPORTANCE
MUTUAL_INFORMATION_15M,liquidity_h1_fvg_open_count,target_class,0.005763957153620991,UNIVARIATE_ASSOCIATION_NOT_CAUSAL_IMPORTANCE
MUTUAL_INFORMATION_15M,pattern_h1_rectangle_range,target_class,0.005662027087234733,UNIVARIATE_ASSOCIATION_NOT_CAUSAL_IMPORTANCE
MUTUAL_INFORMATION_15M,liquidity_m15_equal_high,target_class,0.0055494665539006505,UNIVARIATE_ASSOCIATION_NOT_CAUSAL_IMPORTANCE
MUTUAL_INFORMATION_15M,pattern_m15_invalidated_transition,target_class,0.00499634641480462,UNIVARIATE_ASSOCIATION_NOT_CAUSAL_IMPORTANCE
MUTUAL_INFORMATION_15M,pattern_m5_rising_wedge,target_class,0.004985296163384723,UNIVARIATE_ASSOCIATION_NOT_CAUSAL_IMPORTANCE
MUTUAL_INFORMATION_15M,pattern_h1_descending_triangle,target_class,0.004914985649798309,UNIVARIATE_ASSOCIATION_NOT_CAUSAL_IMPORTANCE
MUTUAL_INFORMATION_15M,pattern_h1_expanding_triangle,target_class,0.004417531768369232,UNIVARIATE_ASSOCIATION_NOT_CAUSAL_IMPORTANCE
MUTUAL_INFORMATION_15M,pattern_m5_triple_bottom,target_class,0.004262852673604822,UNIVARIATE_ASSOCIATION_NOT_CAUSAL_IMPORTANCE
MUTUAL_INFORMATION_15M,pattern_m15_triple_bottom,target_class,0.0042149915782689895,UNIVARIATE_ASSOCIATION_NOT_CAUSAL_IMPORTANCE
MUTUAL_INFORMATION_15M,liquidity_m5_fvg_fill,target_class,0.0040616891462375015,UNIVARIATE_ASSOCIATION_NOT_CAUSAL_IMPORTANCE
MUTUAL_INFORMATION_15M,pattern_m5_double_bottom,target_class,0.003936452887252084,UNIVARIATE_ASSOCIATION_NOT_CAUSAL_IMPORTANCE
MUTUAL_INFORMATION_15M,regime_m5_trend,target_class,0.003844113088483425,UNIVARIATE_ASSOCIATION_NOT_CAUSAL_IMPORTANCE
MUTUAL_INFORMATION_15M,structure_m5_confirmed_swing,target_class,0.0038332612849336645,UNIVARIATE_ASSOCIATION_NOT_CAUSAL_IMPORTANCE
MUTUAL_INFORMATION_15M,pattern_m5_confirmed_transition,target_class,0.003506948196435822,UNIVARIATE_ASSOCIATION_NOT_CAUSAL_IMPORTANCE
MUTUAL_INFORMATION_15M,regime_m5_range_flag,target_class,0.00317050798625762,UNIVARIATE_ASSOCIATION_NOT_CAUSAL_IMPORTANCE
MUTUAL_INFORMATION_15M,pattern_m5_double_top,target_class,0.0031348956713250775,UNIVARIATE_ASSOCIATION_NOT_CAUSAL_IMPORTANCE
MUTUAL_INFORMATION_15M,pattern_m15_bear_pennant,target_class,0.003082837555737017,UNIVARIATE_ASSOCIATION_NOT_CAUSAL_IMPORTANCE
MUTUAL_INFORMATION_15M,technical_m5_ema20_gap_atr,target_class,0.003024311592406459,UNIVARIATE_ASSOCIATION_NOT_CAUSAL_IMPORTANCE
MUTUAL_INFORMATION_15M,support_resistance_m5_ema20_distance_atr,target_class,0.003024311592406459,UNIVARIATE_ASSOCIATION_NOT_CAUSAL_IMPORTANCE
MUTUAL_INFORMATION_15M,liquidity_h1_equal_high,target_class,0.0029893014236357374,UNIVARIATE_ASSOCIATION_NOT_CAUSAL_IMPORTANCE
MUTUAL_INFORMATION_15M,pattern_m5_ascending_triangle,target_class,0.002888239843260143,UNIVARIATE_ASSOCIATION_NOT_CAUSAL_IMPORTANCE
MUTUAL_INFORMATION_15M,liquidity_m5_fvg_new,target_class,0.0026520401993181952,UNIVARIATE_ASSOCIATION_NOT_CAUSAL_IMPORTANCE
MUTUAL_INFORMATION_15M,pattern_m5_falling_wedge,target_class,0.002635966948120183,UNIVARIATE_ASSOCIATION_NOT_CAUSAL_IMPORTANCE
MUTUAL_INFORMATION_15M,regime_m15_trend,target_class,0.0025326366002824674,UNIVARIATE_ASSOCIATION_NOT_CAUSAL_IMPORTANCE
MUTUAL_INFORMATION_15M,structure_m15_confirmed_swing,target_class,0.002512268028714404,UNIVARIATE_ASSOCIATION_NOT_CAUSAL_IMPORTANCE
MUTUAL_INFORMATION_15M,pattern_m15_double_bottom,target_class,0.002473182142280761,UNIVARIATE_ASSOCIATION_NOT_CAUSAL_IMPORTANCE
MUTUAL_INFORMATION_15M,pattern_m15_event_count,target_class,0.002213900098794186,UNIVARIATE_ASSOCIATION_NOT_CAUSAL_IMPORTANCE
MUTUAL_INFORMATION_15M,technical_m5_bollinger_z,target_class,0.0021170785523094704,UNIVARIATE_ASSOCIATION_NOT_CAUSAL_IMPORTANCE
MUTUAL_INFORMATION_15M,pattern_m15_falling_wedge,target_class,0.0021070231141142592,UNIVARIATE_ASSOCIATION_NOT_CAUSAL_IMPORTANCE
MUTUAL_INFORMATION_15M,price_action_m5_event_count,target_class,0.0020527867751178874,UNIVARIATE_ASSOCIATION_NOT_CAUSAL_IMPORTANCE
MUTUAL_INFORMATION_15M,price_action_h1_event_count,target_class,0.0018724985024933805,UNIVARIATE_ASSOCIATION_NOT_CAUSAL_IMPORTANCE
MUTUAL_INFORMATION_15M,technical_m5_range_atr,target_class,0.0018409128512970607,UNIVARIATE_ASSOCIATION_NOT_CAUSAL_IMPORTANCE
MUTUAL_INFORMATION_15M,structure_h1_state,target_class,0.001774923736527212,UNIVARIATE_ASSOCIATION_NOT_CAUSAL_IMPORTANCE
MUTUAL_INFORMATION_15M,price_action_m5_body_direction,target_class,0.0016907368652236965,UNIVARIATE_ASSOCIATION_NOT_CAUSAL_IMPORTANCE
MUTUAL_INFORMATION_15M,pattern_m5_bear_flag,target_class,0.0015992023556825607,UNIVARIATE_ASSOCIATION_NOT_CAUSAL_IMPORTANCE
MUTUAL_INFORMATION_15M,pattern_m15_symmetrical_triangle,target_class,0.001486960710254115,UNIVARIATE_ASSOCIATION_NOT_CAUSAL_IMPORTANCE
MUTUAL_INFORMATION_15M,structure_h1_choch,target_class,0.0013780236668503587,UNIVARIATE_ASSOCIATION_NOT_CAUSAL_IMPORTANCE
MUTUAL_INFORMATION_15M,pattern_m15_triple_top,target_class,0.0012790851124269143,UNIVARIATE_ASSOCIATION_NOT_CAUSAL_IMPORTANCE
MUTUAL_INFORMATION_15M,pattern_m5_invalidated_transition,target_class,0.0011327226090187548,UNIVARIATE_ASSOCIATION_NOT_CAUSAL_IMPORTANCE
MUTUAL_INFORMATION_15M,support_resistance_m5_support_distance_atr,target_class,0.0010680140826482276,UNIVARIATE_ASSOCIATION_NOT_CAUSAL_IMPORTANCE
MUTUAL_INFORMATION_15M,pattern_h1_bear_flag,target_class,0.0009407210036018743,UNIVARIATE_ASSOCIATION_NOT_CAUSAL_IMPORTANCE
MUTUAL_INFORMATION_15M,pattern_m15_rising_wedge,target_class,0.0009060874144328768,UNIVARIATE_ASSOCIATION_NOT_CAUSAL_IMPORTANCE
MUTUAL_INFORMATION_15M,pattern_m5_symmetrical_triangle,target_class,0.0006512323789251706,UNIVARIATE_ASSOCIATION_NOT_CAUSAL_IMPORTANCE
MUTUAL_INFORMATION_15M,support_resistance_m5_resistance_distance_atr,target_class,0.0006293169732831672,UNIVARIATE_ASSOCIATION_NOT_CAUSAL_IMPORTANCE
MUTUAL_INFORMATION_15M,structure_h1_bos,target_class,0.0006062179009886925,UNIVARIATE_ASSOCIATION_NOT_CAUSAL_IMPORTANCE
MUTUAL_INFORMATION_15M,liquidity_h1_fvg_fill,target_class,0.0005389616343189907,UNIVARIATE_ASSOCIATION_NOT_CAUSAL_IMPORTANCE
MUTUAL_INFORMATION_15M,pattern_m15_confirmed_transition,target_class,0.00048162734306256283,UNIVARIATE_ASSOCIATION_NOT_CAUSAL_IMPORTANCE
MUTUAL_INFORMATION_15M,pattern_h1_double_bottom,target_class,0.0004330369542575596,UNIVARIATE_ASSOCIATION_NOT_CAUSAL_IMPORTANCE
MUTUAL_INFORMATION_15M,pattern_m15_bear_flag,target_class,0.0003736401141252177,UNIVARIATE_ASSOCIATION_NOT_CAUSAL_IMPORTANCE
MUTUAL_INFORMATION_15M,pattern_m5_inverse_head_and_shoulders,target_class,0.0003548567030795535,UNIVARIATE_ASSOCIATION_NOT_CAUSAL_IMPORTANCE
MUTUAL_INFORMATION_15M,pattern_m15_head_and_shoulders,target_class,0.00032719434934236347,UNIVARIATE_ASSOCIATION_NOT_CAUSAL_IMPORTANCE
MUTUAL_INFORMATION_15M,pattern_h1_head_and_shoulders,target_class,0.00017822511064635727,UNIVARIATE_ASSOCIATION_NOT_CAUSAL_IMPORTANCE
MUTUAL_INFORMATION_15M,pattern_m15_rectangle_range,target_class,0.00014615166882037123,UNIVARIATE_ASSOCIATION_NOT_CAUSAL_IMPORTANCE
MUTUAL_INFORMATION_15M,pattern_m15_double_top,target_class,0.00012927698758691264,UNIVARIATE_ASSOCIATION_NOT_CAUSAL_IMPORTANCE
MUTUAL_INFORMATION_15M,price_action_h1_direction_score,target_class,7.492277601883757e-06,UNIVARIATE_ASSOCIATION_NOT_CAUSAL_IMPORTANCE
MUTUAL_INFORMATION_15M,price_action_m5_direction_score,target_class,0.0,UNIVARIATE_ASSOCIATION_NOT_CAUSAL_IMPORTANCE
MUTUAL_INFORMATION_15M,structure_m5_bos,target_class,0.0,UNIVARIATE_ASSOCIATION_NOT_CAUSAL_IMPORTANCE
MUTUAL_INFORMATION_15M,structure_m5_choch,target_class,0.0,UNIVARIATE_ASSOCIATION_NOT_CAUSAL_IMPORTANCE
MUTUAL_INFORMATION_15M,pattern_m5_triple_top,target_class,0.0,UNIVARIATE_ASSOCIATION_NOT_CAUSAL_IMPORTANCE
MUTUAL_INFORMATION_15M,pattern_m5_head_and_shoulders,target_class,0.0,UNIVARIATE_ASSOCIATION_NOT_CAUSAL_IMPORTANCE
MUTUAL_INFORMATION_15M,pattern_m5_bull_flag,target_class,0.0,UNIVARIATE_ASSOCIATION_NOT_CAUSAL_IMPORTANCE
MUTUAL_INFORMATION_15M,pattern_m5_bull_pennant,target_class,0.0,UNIVARIATE_ASSOCIATION_NOT_CAUSAL_IMPORTANCE
MUTUAL_INFORMATION_15M,pattern_m5_bear_pennant,target_class,0.0,UNIVARIATE_ASSOCIATION_NOT_CAUSAL_IMPORTANCE
MUTUAL_INFORMATION_15M,pattern_m5_descending_triangle,target_class,0.0,UNIVARIATE_ASSOCIATION_NOT_CAUSAL_IMPORTANCE
MUTUAL_INFORMATION_15M,pattern_m5_expanding_triangle,target_class,0.0,UNIVARIATE_ASSOCIATION_NOT_CAUSAL_IMPORTANCE
MUTUAL_INFORMATION_15M,pattern_m5_rectangle_range,target_class,0.0,UNIVARIATE_ASSOCIATION_NOT_CAUSAL_IMPORTANCE
MUTUAL_INFORMATION_15M,pattern_m5_event_count,target_class,0.0,UNIVARIATE_ASSOCIATION_NOT_CAUSAL_IMPORTANCE
MUTUAL_INFORMATION_15M,liquidity_m5_fvg_open_count,target_class,0.0,UNIVARIATE_ASSOCIATION_NOT_CAUSAL_IMPORTANCE
MUTUAL_INFORMATION_15M,liquidity_m5_equal_high,target_class,0.0,UNIVARIATE_ASSOCIATION_NOT_CAUSAL_IMPORTANCE
MUTUAL_INFORMATION_15M,liquidity_m5_sweep,target_class,0.0,UNIVARIATE_ASSOCIATION_NOT_CAUSAL_IMPORTANCE
MUTUAL_INFORMATION_15M,support_resistance_m5_previous_day_low_distance_atr,target_class,0.0,UNIVARIATE_ASSOCIATION_NOT_CAUSAL_IMPORTANCE
MUTUAL_INFORMATION_15M,price_action_m15_direction_score,target_class,0.0,UNIVARIATE_ASSOCIATION_NOT_CAUSAL_IMPORTANCE
MUTUAL_INFORMATION_15M,price_action_m15_event_count,target_class,0.0,UNIVARIATE_ASSOCIATION_NOT_CAUSAL_IMPORTANCE
MUTUAL_INFORMATION_15M,structure_m15_bos,target_class,0.0,UNIVARIATE_ASSOCIATION_NOT_CAUSAL_IMPORTANCE
MUTUAL_INFORMATION_15M,structure_m15_choch,target_class,0.0,UNIVARIATE_ASSOCIATION_NOT_CAUSAL_IMPORTANCE
MUTUAL_INFORMATION_15M,pattern_m15_inverse_head_and_shoulders,target_class,0.0,UNIVARIATE_ASSOCIATION_NOT_CAUSAL_IMPORTANCE
MUTUAL_INFORMATION_15M,pattern_m15_bull_flag,target_class,0.0,UNIVARIATE_ASSOCIATION_NOT_CAUSAL_IMPORTANCE
MUTUAL_INFORMATION_15M,pattern_m15_bull_pennant,target_class,0.0,UNIVARIATE_ASSOCIATION_NOT_CAUSAL_IMPORTANCE
MUTUAL_INFORMATION_15M,pattern_m15_ascending_triangle,target_class,0.0,UNIVARIATE_ASSOCIATION_NOT_CAUSAL_IMPORTANCE
MUTUAL_INFORMATION_15M,pattern_m15_descending_triangle,target_class,0.0,UNIVARIATE_ASSOCIATION_NOT_CAUSAL_IMPORTANCE
MUTUAL_INFORMATION_15M,pattern_m15_expanding_triangle,target_class,0.0,UNIVARIATE_ASSOCIATION_NOT_CAUSAL_IMPORTANCE
MUTUAL_INFORMATION_15M,liquidity_m15_fvg_new,target_class,0.0,UNIVARIATE_ASSOCIATION_NOT_CAUSAL_IMPORTANCE
MUTUAL_INFORMATION_15M,liquidity_m15_equal_low,target_class,0.0,UNIVARIATE_ASSOCIATION_NOT_CAUSAL_IMPORTANCE
MUTUAL_INFORMATION_15M,regime_m15_range_flag,target_class,0.0,UNIVARIATE_ASSOCIATION_NOT_CAUSAL_IMPORTANCE
MUTUAL_INFORMATION_15M,structure_h1_confirmed_swing,target_class,0.0,UNIVARIATE_ASSOCIATION_NOT_CAUSAL_IMPORTANCE
MUTUAL_INFORMATION_15M,pattern_h1_double_top,target_class,0.0,UNIVARIATE_ASSOCIATION_NOT_CAUSAL_IMPORTANCE
MUTUAL_INFORMATION_15M,pattern_h1_triple_top,target_class,0.0,UNIVARIATE_ASSOCIATION_NOT_CAUSAL_IMPORTANCE
MUTUAL_INFORMATION_15M,pattern_h1_inverse_head_and_shoulders,target_class,0.0,UNIVARIATE_ASSOCIATION_NOT_CAUSAL_IMPORTANCE
MUTUAL_INFORMATION_15M,pattern_h1_rising_wedge,target_class,0.0,UNIVARIATE_ASSOCIATION_NOT_CAUSAL_IMPORTANCE
MUTUAL_INFORMATION_15M,pattern_h1_falling_wedge,target_class,0.0,UNIVARIATE_ASSOCIATION_NOT_CAUSAL_IMPORTANCE
MUTUAL_INFORMATION_15M,pattern_h1_bull_flag,target_class,0.0,UNIVARIATE_ASSOCIATION_NOT_CAUSAL_IMPORTANCE
MUTUAL_INFORMATION_15M,pattern_h1_bull_pennant,target_class,0.0,UNIVARIATE_ASSOCIATION_NOT_CAUSAL_IMPORTANCE
MUTUAL_INFORMATION_15M,pattern_h1_bear_pennant,target_class,0.0,UNIVARIATE_ASSOCIATION_NOT_CAUSAL_IMPORTANCE
MUTUAL_INFORMATION_15M,pattern_h1_ascending_triangle,target_class,0.0,UNIVARIATE_ASSOCIATION_NOT_CAUSAL_IMPORTANCE
MUTUAL_INFORMATION_15M,pattern_h1_symmetrical_triangle,target_class,0.0,UNIVARIATE_ASSOCIATION_NOT_CAUSAL_IMPORTANCE
MUTUAL_INFORMATION_15M,pattern_h1_event_count,target_class,0.0,UNIVARIATE_ASSOCIATION_NOT_CAUSAL_IMPORTANCE
MUTUAL_INFORMATION_15M,pattern_h1_confirmed_transition,target_class,0.0,UNIVARIATE_ASSOCIATION_NOT_CAUSAL_IMPORTANCE
MUTUAL_INFORMATION_15M,pattern_h1_invalidated_transition,target_class,0.0,UNIVARIATE_ASSOCIATION_NOT_CAUSAL_IMPORTANCE
MUTUAL_INFORMATION_15M,liquidity_h1_fvg_new,target_class,0.0,UNIVARIATE_ASSOCIATION_NOT_CAUSAL_IMPORTANCE
MUTUAL_INFORMATION_15M,liquidity_h1_equal_low,target_class,0.0,UNIVARIATE_ASSOCIATION_NOT_CAUSAL_IMPORTANCE
MUTUAL_INFORMATION_15M,liquidity_h1_sweep,target_class,0.0,UNIVARIATE_ASSOCIATION_NOT_CAUSAL_IMPORTANCE
MUTUAL_INFORMATION_15M,regime_h1_trend,target_class,0.0,UNIVARIATE_ASSOCIATION_NOT_CAUSAL_IMPORTANCE
MUTUAL_INFORMATION_15M,regime_h1_range_flag,target_class,0.0,UNIVARIATE_ASSOCIATION_NOT_CAUSAL_IMPORTANCE
SPEARMAN_PAIR,technical_m5_ema20_gap_atr,support_resistance_m5_ema20_distance_atr,1.0,HIGH_REDUNDANCY
SPEARMAN_PAIR,technical_m15_ema20_gap_atr,support_resistance_m15_ema20_distance_atr,1.0,HIGH_REDUNDANCY
SPEARMAN_PAIR,technical_h1_ema20_gap_atr,support_resistance_h1_ema20_distance_atr,1.0,HIGH_REDUNDANCY
SPEARMAN_PAIR,technical_m5_rsi14,technical_m5_ema20_gap_atr,0.9818552453071695,HIGH_REDUNDANCY
SPEARMAN_PAIR,technical_m5_rsi14,support_resistance_m5_ema20_distance_atr,0.9818552453071695,HIGH_REDUNDANCY
SPEARMAN_PAIR,technical_h1_rsi14,technical_h1_ema20_gap_atr,0.9799111802868608,HIGH_REDUNDANCY
SPEARMAN_PAIR,technical_h1_rsi14,support_resistance_h1_ema20_distance_atr,0.9799111802868608,HIGH_REDUNDANCY
SPEARMAN_PAIR,technical_m15_rsi14,technical_m15_ema20_gap_atr,0.9792087562438716,HIGH_REDUNDANCY
SPEARMAN_PAIR,technical_m15_rsi14,support_resistance_m15_ema20_distance_atr,0.9792087562438716,HIGH_REDUNDANCY
SPEARMAN_PAIR,support_resistance_m5_previous_day_low_distance_atr,support_resistance_m15_previous_day_low_distance_atr,0.9697478800810471,HIGH_REDUNDANCY
SPEARMAN_PAIR,support_resistance_m5_previous_day_high_distance_atr,support_resistance_m15_previous_day_high_distance_atr,0.9669969680830117,HIGH_REDUNDANCY
SPEARMAN_PAIR,technical_m5_ema20_gap_atr,technical_m5_bollinger_z,0.9547221061221012,HIGH_REDUNDANCY
SPEARMAN_PAIR,technical_m5_bollinger_z,support_resistance_m5_ema20_distance_atr,0.9547221061221012,HIGH_REDUNDANCY
SPEARMAN_PAIR,technical_h1_ema20_gap_atr,technical_h1_bollinger_z,0.9445413552334893,HIGH_REDUNDANCY
SPEARMAN_PAIR,technical_h1_bollinger_z,support_resistance_h1_ema20_distance_atr,0.9445413552334893,HIGH_REDUNDANCY
SPEARMAN_PAIR,technical_m15_ema20_gap_atr,technical_m15_bollinger_z,0.9438928609650085,HIGH_REDUNDANCY
SPEARMAN_PAIR,technical_m15_bollinger_z,support_resistance_m15_ema20_distance_atr,0.9438928609650085,HIGH_REDUNDANCY
SPEARMAN_PAIR,support_resistance_m15_previous_day_low_distance_atr,support_resistance_h1_previous_day_low_distance_atr,0.9266943931378371,HIGH_REDUNDANCY
SPEARMAN_PAIR,technical_m5_ema20_50_gap_atr,technical_m15_rsi14,0.9239953691492198,HIGH_REDUNDANCY
SPEARMAN_PAIR,technical_m5_rsi14,technical_m5_bollinger_z,0.9147372220332959,HIGH_REDUNDANCY
SPEARMAN_PAIR,support_resistance_m15_previous_day_high_distance_atr,support_resistance_h1_previous_day_high_distance_atr,0.9138607461698592,HIGH_REDUNDANCY
SPEARMAN_PAIR,technical_m15_ema20_50_gap_atr,technical_h1_rsi14,0.9125926631863228,HIGH_REDUNDANCY
SPEARMAN_PAIR,technical_m15_ema20_50_gap_atr,technical_h1_ema20_gap_atr,0.9114779866457369,HIGH_REDUNDANCY
SPEARMAN_PAIR,technical_m15_ema20_50_gap_atr,support_resistance_h1_ema20_distance_atr,0.9114779866457369,HIGH_REDUNDANCY
SPEARMAN_PAIR,technical_h1_atr_fraction,regime_h1_volatility_rank,0.9028707634246619,HIGH_REDUNDANCY
SPEARMAN_PAIR,support_resistance_m5_previous_day_low_distance_atr,support_resistance_h1_previous_day_low_distance_atr,0.9002526647837057,HIGH_REDUNDANCY
SPEARMAN_PAIR,technical_h1_rsi14,technical_h1_bollinger_z,0.8981848196640798,MODERATE_REDUNDANCY
SPEARMAN_PAIR,technical_m15_rsi14,technical_m15_bollinger_z,0.8952535792456582,MODERATE_REDUNDANCY
SPEARMAN_PAIR,technical_m5_ema20_50_gap_atr,technical_m15_ema20_gap_atr,0.895025841847428,MODERATE_REDUNDANCY
SPEARMAN_PAIR,technical_m5_ema20_50_gap_atr,support_resistance_m15_ema20_distance_atr,0.895025841847428,MODERATE_REDUNDANCY
SPEARMAN_PAIR,support_resistance_m5_previous_day_high_distance_atr,support_resistance_h1_previous_day_high_distance_atr,0.8826374365842768,MODERATE_REDUNDANCY
SPEARMAN_PAIR,technical_m15_atr_fraction,regime_m15_volatility_rank,0.8797829349311019,MODERATE_REDUNDANCY
SPEARMAN_PAIR,technical_m15_ema20_50_gap_atr,technical_h1_bollinger_z,0.876818403415876,MODERATE_REDUNDANCY
SPEARMAN_PAIR,technical_h1_ema20_50_gap_atr,regime_h1_trend,0.8658805358327165,MODERATE_REDUNDANCY
SPEARMAN_PAIR,technical_m5_ema20_50_gap_atr,regime_m5_trend,0.8653007537104447,MODERATE_REDUNDANCY
SPEARMAN_PAIR,technical_m15_ema20_50_gap_atr,regime_m15_trend,0.8645270017848844,MODERATE_REDUNDANCY
SPEARMAN_PAIR,technical_m5_atr_fraction,regime_m5_volatility_rank,0.859507465754691,MODERATE_REDUNDANCY
SPEARMAN_PAIR,technical_m5_rsi14,technical_m15_bollinger_z,0.8371918875974351,MODERATE_REDUNDANCY
SPEARMAN_PAIR,regime_m15_trend,technical_h1_bollinger_z,0.8284205964142318,MODERATE_REDUNDANCY
SPEARMAN_PAIR,technical_m5_atr_fraction,technical_m15_atr_fraction,0.8246851849022178,MODERATE_REDUNDANCY
SPEARMAN_PAIR,technical_m5_rsi14,technical_m15_ema20_gap_atr,0.8220366849640101,MODERATE_REDUNDANCY
SPEARMAN_PAIR,technical_m5_rsi14,support_resistance_m15_ema20_distance_atr,0.8220366849640101,MODERATE_REDUNDANCY
SPEARMAN_PAIR,regime_m15_trend,technical_h1_ema20_gap_atr,0.8166201877173359,MODERATE_REDUNDANCY
SPEARMAN_PAIR,regime_m15_trend,support_resistance_h1_ema20_distance_atr,0.8166201877173359,MODERATE_REDUNDANCY
SPEARMAN_PAIR,regime_m5_trend,technical_m15_rsi14,0.8112175060723377,MODERATE_REDUNDANCY
SPEARMAN_PAIR,technical_m5_ema20_50_gap_atr,technical_m15_bollinger_z,0.8081738358947975,MODERATE_REDUNDANCY
SPEARMAN_PAIR,regime_m15_trend,technical_h1_rsi14,0.8052914242548939,MODERATE_REDUNDANCY
SPEARMAN_PAIR,technical_h1_rsi14,support_resistance_h1_previous_day_low_distance_atr,0.783857806335919,MODERATE_REDUNDANCY
SPEARMAN_PAIR,regime_m5_volatility_rank,regime_h1_volume_ratio,0.783171701718382,MODERATE_REDUNDANCY
SPEARMAN_PAIR,regime_m5_trend,technical_m15_ema20_gap_atr,0.7824977998223247,MODERATE_REDUNDANCY
SPEARMAN_PAIR,regime_m5_trend,support_resistance_m15_ema20_distance_atr,0.7824977998223247,MODERATE_REDUNDANCY
SPEARMAN_PAIR,technical_m5_ema20_gap_atr,technical_m15_bollinger_z,0.7594587861464149,MODERATE_REDUNDANCY
SPEARMAN_PAIR,support_resistance_m5_ema20_distance_atr,technical_m15_bollinger_z,0.7594587861464149,MODERATE_REDUNDANCY
SPEARMAN_PAIR,technical_h1_ema20_gap_atr,support_resistance_h1_previous_day_low_distance_atr,0.7588089427212878,MODERATE_REDUNDANCY
SPEARMAN_PAIR,support_resistance_h1_ema20_distance_atr,support_resistance_h1_previous_day_low_distance_atr,0.7588089427212878,MODERATE_REDUNDANCY
SPEARMAN_PAIR,technical_m5_rsi14,technical_m15_rsi14,0.7534333687005351,MODERATE_REDUNDANCY
SPEARMAN_PAIR,regime_m5_trend,technical_m15_bollinger_z,0.7515410888598512,MODERATE_REDUNDANCY
