engine,timeframe,total_decision_rows,available,partial,unavailable,invalid,availability_percentage,status
TECHNICAL,M5,100000,99996,3,1,0,99.996,PARTIAL
PRICE_ACTION,M5,100000,99998,2,0,0,99.998,PARTIAL
CHART_PATTERNS,M5,100000,100000,0,0,0,100.0,AVAILABLE
STRUCTURE,M5,100000,100000,0,0,0,100.0,AVAILABLE
LIQUIDITY,M5,100000,99313,687,0,0,99.313,PARTIAL
SUPPORT_RESISTANCE,M5,100000,65281,34719,0,0,65.281,PARTIAL
VOLATILITY,M5,100000,99969,31,0,0,99.969,PARTIAL
SESSION,M5,100000,100000,0,0,0,100.0,AVAILABLE
REGIME,M5,100000,99996,4,0,0,99.996,PARTIAL
TECHNICAL,M15,100000,100000,0,0,0,100.0,AVAILABLE
PRICE_ACTION,M15,100000,100000,0,0,0,100.0,AVAILABLE
CHART_PATTERNS,M15,100000,100000,0,0,0,100.0,AVAILABLE
STRUCTURE,M15,100000,100000,0,0,0,100.0,AVAILABLE
LIQUIDITY,M15,100000,100000,0,0,0,100.0,AVAILABLE
SUPPORT_RESISTANCE,M15,100000,65864,34136,0,0,65.864,PARTIAL
VOLATILITY,M15,100000,100000,0,0,0,100.0,AVAILABLE
SESSION,M15,100000,100000,0,0,0,100.0,AVAILABLE
REGIME,M15,100000,100000,0,0,0,100.0,AVAILABLE
TECHNICAL,H1,100000,100000,0,0,0,100.0,AVAILABLE
PRICE_ACTION,H1,100000,100000,0,0,0,100.0,AVAILABLE
CHART_PATTERNS,H1,100000,100000,0,0,0,100.0,AVAILABLE
STRUCTURE,H1,100000,100000,0,0,0,100.0,AVAILABLE
LIQUIDITY,H1,100000,100000,0,0,0,100.0,AVAILABLE
SUPPORT_RESISTANCE,H1,100000,67050,32950,0,0,67.05,PARTIAL
VOLATILITY,H1,100000,100000,0,0,0,100.0,AVAILABLE
SESSION,H1,100000,100000,0,0,0,100.0,AVAILABLE
REGIME,H1,100000,100000,0,0,0,100.0,AVAILABLE
TECHNICAL,H4,100000,0,0,100000,0,0.0,UNAVAILABLE
PRICE_ACTION,H4,100000,0,0,100000,0,0.0,UNAVAILABLE
CHART_PATTERNS,H4,100000,0,0,100000,0,0.0,UNAVAILABLE
STRUCTURE,H4,100000,0,0,100000,0,0.0,UNAVAILABLE
LIQUIDITY,H4,100000,0,0,100000,0,0.0,UNAVAILABLE
SUPPORT_RESISTANCE,H4,100000,0,0,100000,0,0.0,UNAVAILABLE
VOLATILITY,H4,100000,0,0,100000,0,0.0,UNAVAILABLE
SESSION,H4,100000,0,0,100000,0,0.0,UNAVAILABLE
REGIME,H4,100000,0,0,100000,0,0.0,UNAVAILABLE
