pattern_type,timeframe,session,horizon_minutes,sample_count,sample_status,direction_agreement,mean_return,median_return
ASCENDING_TRIANGLE,M15,ASIA,15,5,INSUFFICIENT_DATA,,,
ASCENDING_TRIANGLE,M15,ASIA,60,5,INSUFFICIENT_DATA,,,
ASCENDING_TRIANGLE,M15,ASIA,240,5,INSUFFICIENT_DATA,,,
ASCENDING_TRIANGLE,M15,LONDON,15,1,INSUFFICIENT_DATA,,,
ASCENDING_TRIANGLE,M15,LONDON,60,1,INSUFFICIENT_DATA,,,
ASCENDING_TRIANGLE,M15,LONDON,240,1,INSUFFICIENT_DATA,,,
ASCENDING_TRIANGLE,M15,LONDON_NEW_YORK_OVERLAP,15,2,INSUFFICIENT_DATA,,,
ASCENDING_TRIANGLE,M15,LONDON_NEW_YORK_OVERLAP,60,2,INSUFFICIENT_DATA,,,
ASCENDING_TRIANGLE,M15,LONDON_NEW_YORK_OVERLAP,240,2,INSUFFICIENT_DATA,,,
ASCENDING_TRIANGLE,M15,NEW_YORK,15,3,INSUFFICIENT_DATA,,,
ASCENDING_TRIANGLE,M15,NEW_YORK,60,3,INSUFFICIENT_DATA,,,
ASCENDING_TRIANGLE,M15,NEW_YORK,240,3,INSUFFICIENT_DATA,,,
ASCENDING_TRIANGLE,M5,ASIA,15,21,INSUFFICIENT_DATA,,,
ASCENDING_TRIANGLE,M5,ASIA,60,21,INSUFFICIENT_DATA,,,
ASCENDING_TRIANGLE,M5,ASIA,240,20,INSUFFICIENT_DATA,,,
ASCENDING_TRIANGLE,M5,LONDON,15,1,INSUFFICIENT_DATA,,,
ASCENDING_TRIANGLE,M5,LONDON,60,1,INSUFFICIENT_DATA,,,
ASCENDING_TRIANGLE,M5,LONDON,240,1,INSUFFICIENT_DATA,,,
ASCENDING_TRIANGLE,M5,LONDON_NEW_YORK_OVERLAP,15,1,INSUFFICIENT_DATA,,,
ASCENDING_TRIANGLE,M5,LONDON_NEW_YORK_OVERLAP,60,1,INSUFFICIENT_DATA,,,
ASCENDING_TRIANGLE,M5,LONDON_NEW_YORK_OVERLAP,240,1,INSUFFICIENT_DATA,,,
ASCENDING_TRIANGLE,M5,NEW_YORK,15,10,INSUFFICIENT_DATA,,,
ASCENDING_TRIANGLE,M5,NEW_YORK,60,10,INSUFFICIENT_DATA,,,
ASCENDING_TRIANGLE,M5,NEW_YORK,240,10,INSUFFICIENT_DATA,,,
DESCENDING_TRIANGLE,M15,ASIA,15,4,INSUFFICIENT_DATA,,,
DESCENDING_TRIANGLE,M15,ASIA,60,4,INSUFFICIENT_DATA,,,
DESCENDING_TRIANGLE,M15,ASIA,240,4,INSUFFICIENT_DATA,,,
DESCENDING_TRIANGLE,M15,LONDON,15,3,INSUFFICIENT_DATA,,,
DESCENDING_TRIANGLE,M15,LONDON,60,3,INSUFFICIENT_DATA,,,
DESCENDING_TRIANGLE,M15,LONDON,240,3,INSUFFICIENT_DATA,,,
DESCENDING_TRIANGLE,M15,LONDON_NEW_YORK_OVERLAP,15,1,INSUFFICIENT_DATA,,,
DESCENDING_TRIANGLE,M15,LONDON_NEW_YORK_OVERLAP,60,1,INSUFFICIENT_DATA,,,
DESCENDING_TRIANGLE,M15,LONDON_NEW_YORK_OVERLAP,240,1,INSUFFICIENT_DATA,,,
DESCENDING_TRIANGLE,M15,NEW_YORK,15,4,INSUFFICIENT_DATA,,,
DESCENDING_TRIANGLE,M15,NEW_YORK,60,4,INSUFFICIENT_DATA,,,
DESCENDING_TRIANGLE,M15,NEW_YORK,240,4,INSUFFICIENT_DATA,,,
DESCENDING_TRIANGLE,M5,ASIA,15,11,INSUFFICIENT_DATA,,,
DESCENDING_TRIANGLE,M5,ASIA,60,10,INSUFFICIENT_DATA,,,
DESCENDING_TRIANGLE,M5,ASIA,240,9,INSUFFICIENT_DATA,,,
DESCENDING_TRIANGLE,M5,LONDON,15,4,INSUFFICIENT_DATA,,,
DESCENDING_TRIANGLE,M5,LONDON,60,4,INSUFFICIENT_DATA,,,
DESCENDING_TRIANGLE,M5,LONDON,240,4,INSUFFICIENT_DATA,,,
DESCENDING_TRIANGLE,M5,LONDON_NEW_YORK_OVERLAP,15,6,INSUFFICIENT_DATA,,,
DESCENDING_TRIANGLE,M5,LONDON_NEW_YORK_OVERLAP,60,6,INSUFFICIENT_DATA,,,
DESCENDING_TRIANGLE,M5,LONDON_NEW_YORK_OVERLAP,240,6,INSUFFICIENT_DATA,,,
DESCENDING_TRIANGLE,M5,NEW_YORK,15,15,INSUFFICIENT_DATA,,,
DESCENDING_TRIANGLE,M5,NEW_YORK,60,15,INSUFFICIENT_DATA,,,
DESCENDING_TRIANGLE,M5,NEW_YORK,240,14,INSUFFICIENT_DATA,,,
DOUBLE_BOTTOM,M15,ASIA,15,6,INSUFFICIENT_DATA,,,
DOUBLE_BOTTOM,M15,ASIA,60,6,INSUFFICIENT_DATA,,,
DOUBLE_BOTTOM,M15,ASIA,240,5,INSUFFICIENT_DATA,,,
DOUBLE_BOTTOM,M15,LONDON,15,5,INSUFFICIENT_DATA,,,
DOUBLE_BOTTOM,M15,LONDON,60,5,INSUFFICIENT_DATA,,,
DOUBLE_BOTTOM,M15,LONDON,240,5,INSUFFICIENT_DATA,,,
DOUBLE_BOTTOM,M15,LONDON_NEW_YORK_OVERLAP,15,2,INSUFFICIENT_DATA,,,
DOUBLE_BOTTOM,M15,LONDON_NEW_YORK_OVERLAP,60,2,INSUFFICIENT_DATA,,,
DOUBLE_BOTTOM,M15,LONDON_NEW_YORK_OVERLAP,240,2,INSUFFICIENT_DATA,,,
DOUBLE_BOTTOM,M15,NEW_YORK,15,2,INSUFFICIENT_DATA,,,
DOUBLE_BOTTOM,M15,NEW_YORK,60,2,INSUFFICIENT_DATA,,,
DOUBLE_BOTTOM,M15,NEW_YORK,240,2,INSUFFICIENT_DATA,,,
DOUBLE_BOTTOM,M5,ASIA,15,27,INSUFFICIENT_DATA,,,
DOUBLE_BOTTOM,M5,ASIA,60,27,INSUFFICIENT_DATA,,,
DOUBLE_BOTTOM,M5,ASIA,240,25,INSUFFICIENT_DATA,,,
DOUBLE_BOTTOM,M5,LONDON,15,13,INSUFFICIENT_DATA,,,
DOUBLE_BOTTOM,M5,LONDON,60,13,INSUFFICIENT_DATA,,,
DOUBLE_BOTTOM,M5,LONDON,240,13,INSUFFICIENT_DATA,,,
DOUBLE_BOTTOM,M5,LONDON_NEW_YORK_OVERLAP,15,8,INSUFFICIENT_DATA,,,
DOUBLE_BOTTOM,M5,LONDON_NEW_YORK_OVERLAP,60,8,INSUFFICIENT_DATA,,,
DOUBLE_BOTTOM,M5,LONDON_NEW_YORK_OVERLAP,240,8,INSUFFICIENT_DATA,,,
DOUBLE_BOTTOM,M5,NEW_YORK,15,12,INSUFFICIENT_DATA,,,
DOUBLE_BOTTOM,M5,NEW_YORK,60,12,INSUFFICIENT_DATA,,,
DOUBLE_BOTTOM,M5,NEW_YORK,240,11,INSUFFICIENT_DATA,,,
DOUBLE_TOP,M15,ASIA,15,6,INSUFFICIENT_DATA,,,
DOUBLE_TOP,M15,ASIA,60,6,INSUFFICIENT_DATA,,,
DOUBLE_TOP,M15,ASIA,240,6,INSUFFICIENT_DATA,,,
DOUBLE_TOP,M15,LONDON,15,3,INSUFFICIENT_DATA,,,
DOUBLE_TOP,M15,LONDON,60,3,INSUFFICIENT_DATA,,,
DOUBLE_TOP,M15,LONDON,240,3,INSUFFICIENT_DATA,,,
DOUBLE_TOP,M15,LONDON_NEW_YORK_OVERLAP,15,3,INSUFFICIENT_DATA,,,
DOUBLE_TOP,M15,LONDON_NEW_YORK_OVERLAP,60,3,INSUFFICIENT_DATA,,,
DOUBLE_TOP,M15,LONDON_NEW_YORK_OVERLAP,240,3,INSUFFICIENT_DATA,,,
DOUBLE_TOP,M15,NEW_YORK,15,10,INSUFFICIENT_DATA,,,
DOUBLE_TOP,M15,NEW_YORK,60,10,INSUFFICIENT_DATA,,,
DOUBLE_TOP,M15,NEW_YORK,240,10,INSUFFICIENT_DATA,,,
DOUBLE_TOP,M5,ASIA,15,29,INSUFFICIENT_DATA,,,
DOUBLE_TOP,M5,ASIA,60,29,INSUFFICIENT_DATA,,,
DOUBLE_TOP,M5,ASIA,240,27,INSUFFICIENT_DATA,,,
DOUBLE_TOP,M5,LONDON,15,10,INSUFFICIENT_DATA,,,
DOUBLE_TOP,M5,LONDON,60,10,INSUFFICIENT_DATA,,,
DOUBLE_TOP,M5,LONDON,240,10,INSUFFICIENT_DATA,,,
DOUBLE_TOP,M5,LONDON_NEW_YORK_OVERLAP,15,7,INSUFFICIENT_DATA,,,
DOUBLE_TOP,M5,LONDON_NEW_YORK_OVERLAP,60,7,INSUFFICIENT_DATA,,,
DOUBLE_TOP,M5,LONDON_NEW_YORK_OVERLAP,240,7,INSUFFICIENT_DATA,,,
DOUBLE_TOP,M5,NEW_YORK,15,13,INSUFFICIENT_DATA,,,
DOUBLE_TOP,M5,NEW_YORK,60,13,INSUFFICIENT_DATA,,,
DOUBLE_TOP,M5,NEW_YORK,240,11,INSUFFICIENT_DATA,,,
EXPANDING_TRIANGLE,M15,ASIA,15,2,INSUFFICIENT_DATA,,,
EXPANDING_TRIANGLE,M15,ASIA,60,2,INSUFFICIENT_DATA,,,
EXPANDING_TRIANGLE,M15,ASIA,240,2,INSUFFICIENT_DATA,,,
EXPANDING_TRIANGLE,M15,LONDON,15,5,INSUFFICIENT_DATA,,,
EXPANDING_TRIANGLE,M15,LONDON,60,5,INSUFFICIENT_DATA,,,
EXPANDING_TRIANGLE,M15,LONDON,240,5,INSUFFICIENT_DATA,,,
EXPANDING_TRIANGLE,M15,NEW_YORK,15,5,INSUFFICIENT_DATA,,,
EXPANDING_TRIANGLE,M15,NEW_YORK,60,5,INSUFFICIENT_DATA,,,
EXPANDING_TRIANGLE,M15,NEW_YORK,240,5,INSUFFICIENT_DATA,,,
EXPANDING_TRIANGLE,M5,ASIA,15,7,INSUFFICIENT_DATA,,,
EXPANDING_TRIANGLE,M5,ASIA,60,5,INSUFFICIENT_DATA,,,
EXPANDING_TRIANGLE,M5,ASIA,240,5,INSUFFICIENT_DATA,,,
EXPANDING_TRIANGLE,M5,LONDON,15,17,INSUFFICIENT_DATA,,,
EXPANDING_TRIANGLE,M5,LONDON,60,17,INSUFFICIENT_DATA,,,
EXPANDING_TRIANGLE,M5,LONDON,240,17,INSUFFICIENT_DATA,,,
EXPANDING_TRIANGLE,M5,LONDON_NEW_YORK_OVERLAP,15,3,INSUFFICIENT_DATA,,,
EXPANDING_TRIANGLE,M5,LONDON_NEW_YORK_OVERLAP,60,3,INSUFFICIENT_DATA,,,
EXPANDING_TRIANGLE,M5,LONDON_NEW_YORK_OVERLAP,240,3,INSUFFICIENT_DATA,,,
EXPANDING_TRIANGLE,M5,NEW_YORK,15,4,INSUFFICIENT_DATA,,,
EXPANDING_TRIANGLE,M5,NEW_YORK,60,4,INSUFFICIENT_DATA,,,
EXPANDING_TRIANGLE,M5,NEW_YORK,240,3,INSUFFICIENT_DATA,,,
FALLING_WEDGE,M15,ASIA,15,3,INSUFFICIENT_DATA,,,
FALLING_WEDGE,M15,ASIA,60,2,INSUFFICIENT_DATA,,,
FALLING_WEDGE,M15,ASIA,240,2,INSUFFICIENT_DATA,,,
FALLING_WEDGE,M15,LONDON,15,4,INSUFFICIENT_DATA,,,
FALLING_WEDGE,M15,LONDON,60,4,INSUFFICIENT_DATA,,,
FALLING_WEDGE,M15,LONDON,240,4,INSUFFICIENT_DATA,,,
FALLING_WEDGE,M15,LONDON_NEW_YORK_OVERLAP,15,4,INSUFFICIENT_DATA,,,
FALLING_WEDGE,M15,LONDON_NEW_YORK_OVERLAP,60,4,INSUFFICIENT_DATA,,,
FALLING_WEDGE,M15,LONDON_NEW_YORK_OVERLAP,240,4,INSUFFICIENT_DATA,,,
FALLING_WEDGE,M15,NEW_YORK,15,11,INSUFFICIENT_DATA,,,
FALLING_WEDGE,M15,NEW_YORK,60,11,INSUFFICIENT_DATA,,,
FALLING_WEDGE,M15,NEW_YORK,240,10,INSUFFICIENT_DATA,,,
FALLING_WEDGE,M5,ASIA,15,10,INSUFFICIENT_DATA,,,
FALLING_WEDGE,M5,ASIA,60,8,INSUFFICIENT_DATA,,,
FALLING_WEDGE,M5,ASIA,240,8,INSUFFICIENT_DATA,,,
FALLING_WEDGE,M5,LONDON,15,16,INSUFFICIENT_DATA,,,
FALLING_WEDGE,M5,LONDON,60,16,INSUFFICIENT_DATA,,,
FALLING_WEDGE,M5,LONDON,240,16,INSUFFICIENT_DATA,,,
FALLING_WEDGE,M5,LONDON_NEW_YORK_OVERLAP,15,7,INSUFFICIENT_DATA,,,
FALLING_WEDGE,M5,LONDON_NEW_YORK_OVERLAP,60,7,INSUFFICIENT_DATA,,,
FALLING_WEDGE,M5,LONDON_NEW_YORK_OVERLAP,240,7,INSUFFICIENT_DATA,,,
FALLING_WEDGE,M5,NEW_YORK,15,17,INSUFFICIENT_DATA,,,
FALLING_WEDGE,M5,NEW_YORK,60,17,INSUFFICIENT_DATA,,,
FALLING_WEDGE,M5,NEW_YORK,240,16,INSUFFICIENT_DATA,,,
HEAD_AND_SHOULDERS,M15,LONDON,15,2,INSUFFICIENT_DATA,,,
HEAD_AND_SHOULDERS,M15,LONDON,60,2,INSUFFICIENT_DATA,,,
HEAD_AND_SHOULDERS,M15,LONDON,240,2,INSUFFICIENT_DATA,,,
HEAD_AND_SHOULDERS,M5,ASIA,15,1,INSUFFICIENT_DATA,,,
HEAD_AND_SHOULDERS,M5,ASIA,60,1,INSUFFICIENT_DATA,,,
HEAD_AND_SHOULDERS,M5,ASIA,240,1,INSUFFICIENT_DATA,,,
HEAD_AND_SHOULDERS,M5,LONDON,15,1,INSUFFICIENT_DATA,,,
HEAD_AND_SHOULDERS,M5,LONDON,60,1,INSUFFICIENT_DATA,,,
HEAD_AND_SHOULDERS,M5,LONDON,240,1,INSUFFICIENT_DATA,,,
INVERSE_HEAD_AND_SHOULDERS,M15,ASIA,15,1,INSUFFICIENT_DATA,,,
INVERSE_HEAD_AND_SHOULDERS,M15,ASIA,60,1,INSUFFICIENT_DATA,,,
INVERSE_HEAD_AND_SHOULDERS,M15,ASIA,240,1,INSUFFICIENT_DATA,,,
INVERSE_HEAD_AND_SHOULDERS,M5,ASIA,15,6,INSUFFICIENT_DATA,,,
INVERSE_HEAD_AND_SHOULDERS,M5,ASIA,60,6,INSUFFICIENT_DATA,,,
INVERSE_HEAD_AND_SHOULDERS,M5,ASIA,240,6,INSUFFICIENT_DATA,,,
INVERSE_HEAD_AND_SHOULDERS,M5,LONDON,15,1,INSUFFICIENT_DATA,,,
INVERSE_HEAD_AND_SHOULDERS,M5,LONDON,60,1,INSUFFICIENT_DATA,,,
INVERSE_HEAD_AND_SHOULDERS,M5,LONDON,240,1,INSUFFICIENT_DATA,,,
INVERSE_HEAD_AND_SHOULDERS,M5,LONDON_NEW_YORK_OVERLAP,15,2,INSUFFICIENT_DATA,,,
INVERSE_HEAD_AND_SHOULDERS,M5,LONDON_NEW_YORK_OVERLAP,60,2,INSUFFICIENT_DATA,,,
INVERSE_HEAD_AND_SHOULDERS,M5,LONDON_NEW_YORK_OVERLAP,240,2,INSUFFICIENT_DATA,,,
INVERSE_HEAD_AND_SHOULDERS,M5,NEW_YORK,15,4,INSUFFICIENT_DATA,,,
INVERSE_HEAD_AND_SHOULDERS,M5,NEW_YORK,60,4,INSUFFICIENT_DATA,,,
INVERSE_HEAD_AND_SHOULDERS,M5,NEW_YORK,240,3,INSUFFICIENT_DATA,,,
RECTANGLE_RANGE,M15,ASIA,15,5,INSUFFICIENT_DATA,,,
RECTANGLE_RANGE,M15,ASIA,60,5,INSUFFICIENT_DATA,,,
RECTANGLE_RANGE,M15,ASIA,240,5,INSUFFICIENT_DATA,,,
RECTANGLE_RANGE,M15,LONDON,15,2,INSUFFICIENT_DATA,,,
RECTANGLE_RANGE,M15,LONDON,60,2,INSUFFICIENT_DATA,,,
RECTANGLE_RANGE,M15,LONDON,240,2,INSUFFICIENT_DATA,,,
RECTANGLE_RANGE,M5,ASIA,15,20,INSUFFICIENT_DATA,,,
RECTANGLE_RANGE,M5,ASIA,60,20,INSUFFICIENT_DATA,,,
RECTANGLE_RANGE,M5,ASIA,240,19,INSUFFICIENT_DATA,,,
RECTANGLE_RANGE,M5,LONDON,15,9,INSUFFICIENT_DATA,,,
RECTANGLE_RANGE,M5,LONDON,60,9,INSUFFICIENT_DATA,,,
RECTANGLE_RANGE,M5,LONDON,240,9,INSUFFICIENT_DATA,,,
RECTANGLE_RANGE,M5,LONDON_NEW_YORK_OVERLAP,15,2,INSUFFICIENT_DATA,,,
RECTANGLE_RANGE,M5,LONDON_NEW_YORK_OVERLAP,60,2,INSUFFICIENT_DATA,,,
RECTANGLE_RANGE,M5,LONDON_NEW_YORK_OVERLAP,240,2,INSUFFICIENT_DATA,,,
RECTANGLE_RANGE,M5,NEW_YORK,15,3,INSUFFICIENT_DATA,,,
RECTANGLE_RANGE,M5,NEW_YORK,60,3,INSUFFICIENT_DATA,,,
RECTANGLE_RANGE,M5,NEW_YORK,240,3,INSUFFICIENT_DATA,,,
RISING_WEDGE,M15,ASIA,15,5,INSUFFICIENT_DATA,,,
RISING_WEDGE,M15,ASIA,60,5,INSUFFICIENT_DATA,,,
RISING_WEDGE,M15,ASIA,240,5,INSUFFICIENT_DATA,,,
RISING_WEDGE,M15,LONDON,15,4,INSUFFICIENT_DATA,,,
RISING_WEDGE,M15,LONDON,60,4,INSUFFICIENT_DATA,,,
RISING_WEDGE,M15,LONDON,240,4,INSUFFICIENT_DATA,,,
RISING_WEDGE,M15,LONDON_NEW_YORK_OVERLAP,15,2,INSUFFICIENT_DATA,,,
RISING_WEDGE,M15,LONDON_NEW_YORK_OVERLAP,60,2,INSUFFICIENT_DATA,,,
RISING_WEDGE,M15,LONDON_NEW_YORK_OVERLAP,240,2,INSUFFICIENT_DATA,,,
RISING_WEDGE,M15,NEW_YORK,15,3,INSUFFICIENT_DATA,,,
RISING_WEDGE,M15,NEW_YORK,60,3,INSUFFICIENT_DATA,,,
RISING_WEDGE,M15,NEW_YORK,240,3,INSUFFICIENT_DATA,,,
RISING_WEDGE,M5,ASIA,15,12,INSUFFICIENT_DATA,,,
RISING_WEDGE,M5,ASIA,60,12,INSUFFICIENT_DATA,,,
RISING_WEDGE,M5,ASIA,240,12,INSUFFICIENT_DATA,,,
RISING_WEDGE,M5,LONDON,15,11,INSUFFICIENT_DATA,,,
RISING_WEDGE,M5,LONDON,60,11,INSUFFICIENT_DATA,,,
RISING_WEDGE,M5,LONDON,240,11,INSUFFICIENT_DATA,,,
RISING_WEDGE,M5,LONDON_NEW_YORK_OVERLAP,15,6,INSUFFICIENT_DATA,,,
RISING_WEDGE,M5,LONDON_NEW_YORK_OVERLAP,60,6,INSUFFICIENT_DATA,,,
RISING_WEDGE,M5,LONDON_NEW_YORK_OVERLAP,240,6,INSUFFICIENT_DATA,,,
RISING_WEDGE,M5,NEW_YORK,15,9,INSUFFICIENT_DATA,,,
RISING_WEDGE,M5,NEW_YORK,60,9,INSUFFICIENT_DATA,,,
RISING_WEDGE,M5,NEW_YORK,240,7,INSUFFICIENT_DATA,,,
SYMMETRICAL_TRIANGLE,M15,ASIA,15,14,INSUFFICIENT_DATA,,,
SYMMETRICAL_TRIANGLE,M15,ASIA,60,14,INSUFFICIENT_DATA,,,
SYMMETRICAL_TRIANGLE,M15,ASIA,240,14,INSUFFICIENT_DATA,,,
SYMMETRICAL_TRIANGLE,M15,LONDON,15,2,INSUFFICIENT_DATA,,,
SYMMETRICAL_TRIANGLE,M15,LONDON,60,2,INSUFFICIENT_DATA,,,
SYMMETRICAL_TRIANGLE,M15,LONDON,240,2,INSUFFICIENT_DATA,,,
SYMMETRICAL_TRIANGLE,M15,LONDON_NEW_YORK_OVERLAP,15,3,INSUFFICIENT_DATA,,,
SYMMETRICAL_TRIANGLE,M15,LONDON_NEW_YORK_OVERLAP,60,3,INSUFFICIENT_DATA,,,
SYMMETRICAL_TRIANGLE,M15,LONDON_NEW_YORK_OVERLAP,240,3,INSUFFICIENT_DATA,,,
SYMMETRICAL_TRIANGLE,M15,NEW_YORK,15,2,INSUFFICIENT_DATA,,,
SYMMETRICAL_TRIANGLE,M15,NEW_YORK,60,2,INSUFFICIENT_DATA,,,
SYMMETRICAL_TRIANGLE,M15,NEW_YORK,240,2,INSUFFICIENT_DATA,,,
SYMMETRICAL_TRIANGLE,M5,ASIA,15,5,INSUFFICIENT_DATA,,,
SYMMETRICAL_TRIANGLE,M5,ASIA,60,5,INSUFFICIENT_DATA,,,
SYMMETRICAL_TRIANGLE,M5,ASIA,240,4,INSUFFICIENT_DATA,,,
SYMMETRICAL_TRIANGLE,M5,LONDON,15,3,INSUFFICIENT_DATA,,,
SYMMETRICAL_TRIANGLE,M5,LONDON,60,3,INSUFFICIENT_DATA,,,
SYMMETRICAL_TRIANGLE,M5,LONDON,240,3,INSUFFICIENT_DATA,,,
SYMMETRICAL_TRIANGLE,M5,LONDON_NEW_YORK_OVERLAP,15,6,INSUFFICIENT_DATA,,,
SYMMETRICAL_TRIANGLE,M5,LONDON_NEW_YORK_OVERLAP,60,6,INSUFFICIENT_DATA,,,
SYMMETRICAL_TRIANGLE,M5,LONDON_NEW_YORK_OVERLAP,240,6,INSUFFICIENT_DATA,,,
SYMMETRICAL_TRIANGLE,M5,NEW_YORK,15,6,INSUFFICIENT_DATA,,,
SYMMETRICAL_TRIANGLE,M5,NEW_YORK,60,6,INSUFFICIENT_DATA,,,
SYMMETRICAL_TRIANGLE,M5,NEW_YORK,240,6,INSUFFICIENT_DATA,,,
TRIPLE_BOTTOM,M15,LONDON,15,1,INSUFFICIENT_DATA,,,
TRIPLE_BOTTOM,M15,LONDON,60,1,INSUFFICIENT_DATA,,,
TRIPLE_BOTTOM,M15,LONDON,240,1,INSUFFICIENT_DATA,,,
TRIPLE_BOTTOM,M5,ASIA,15,6,INSUFFICIENT_DATA,,,
TRIPLE_BOTTOM,M5,ASIA,60,6,INSUFFICIENT_DATA,,,
TRIPLE_BOTTOM,M5,ASIA,240,5,INSUFFICIENT_DATA,,,
TRIPLE_BOTTOM,M5,LONDON,15,5,INSUFFICIENT_DATA,,,
TRIPLE_BOTTOM,M5,LONDON,60,5,INSUFFICIENT_DATA,,,
TRIPLE_BOTTOM,M5,LONDON,240,5,INSUFFICIENT_DATA,,,
TRIPLE_BOTTOM,M5,NEW_YORK,15,2,INSUFFICIENT_DATA,,,
TRIPLE_BOTTOM,M5,NEW_YORK,60,2,INSUFFICIENT_DATA,,,
TRIPLE_BOTTOM,M5,NEW_YORK,240,2,INSUFFICIENT_DATA,,,
TRIPLE_TOP,M15,ASIA,15,1,INSUFFICIENT_DATA,,,
TRIPLE_TOP,M15,ASIA,60,1,INSUFFICIENT_DATA,,,
TRIPLE_TOP,M15,ASIA,240,1,INSUFFICIENT_DATA,,,
TRIPLE_TOP,M15,LONDON_NEW_YORK_OVERLAP,15,1,INSUFFICIENT_DATA,,,
TRIPLE_TOP,M15,LONDON_NEW_YORK_OVERLAP,60,1,INSUFFICIENT_DATA,,,
TRIPLE_TOP,M15,LONDON_NEW_YORK_OVERLAP,240,1,INSUFFICIENT_DATA,,,
TRIPLE_TOP,M15,NEW_YORK,15,2,INSUFFICIENT_DATA,,,
TRIPLE_TOP,M15,NEW_YORK,60,2,INSUFFICIENT_DATA,,,
TRIPLE_TOP,M15,NEW_YORK,240,2,INSUFFICIENT_DATA,,,
TRIPLE_TOP,M5,ASIA,15,11,INSUFFICIENT_DATA,,,
TRIPLE_TOP,M5,ASIA,60,11,INSUFFICIENT_DATA,,,
TRIPLE_TOP,M5,ASIA,240,10,INSUFFICIENT_DATA,,,
TRIPLE_TOP,M5,LONDON,15,4,INSUFFICIENT_DATA,,,
TRIPLE_TOP,M5,LONDON,60,4,INSUFFICIENT_DATA,,,
TRIPLE_TOP,M5,LONDON,240,4,INSUFFICIENT_DATA,,,
TRIPLE_TOP,M5,NEW_YORK,15,4,INSUFFICIENT_DATA,,,
TRIPLE_TOP,M5,NEW_YORK,60,4,INSUFFICIENT_DATA,,,
TRIPLE_TOP,M5,NEW_YORK,240,3,INSUFFICIENT_DATA,,,
