timeframe,field,overlap_rows,mismatch_rows
M1,bar_close_utc,14650,0
M1,open,14650,0
M1,high,14650,0
M1,low,14650,0
M1,close,14650,0
M1,tick_volume,14650,0
M1,spread_points,14650,0
M1,real_volume,14650,0
M5,bar_close_utc,8977,0
M5,open,8977,0
M5,high,8977,0
M5,low,8977,0
M5,close,8977,0
M5,tick_volume,8977,0
M5,spread_points,8977,0
M5,real_volume,8977,0
M15,bar_close_utc,8217,0
M15,open,8217,0
M15,high,8217,0
M15,low,8217,0
M15,close,8217,0
M15,tick_volume,8217,0
M15,spread_points,8217,0
M15,real_volume,8217,0
H1,bar_close_utc,6197,0
H1,open,6197,0
H1,high,6197,0
H1,low,6197,0
H1,close,6197,0
H1,tick_volume,6197,0
H1,spread_points,6197,0
H1,real_volume,6197,0
